URI_Length,GET_Length,POST_Length,URI_Entropy,GET_Entropy,POST_Entropy,Numeric_Text_Ratio,Special_Char_Count,label
59,57,0,4.7678,4.679,0.0,0.0455,16,1
13,6,40,3.5466,2.585,4.2439,0.0833,11,0
30,22,0,4.0566,3.6978,0.0,0.1333,18,1
44,37,0,4.2179,3.9927,0.0,0.087,12,0
42,35,0,4.4516,4.3357,0.0,0.0,12,1
10,0,55,2.9219,0.0,4.4798,0.2407,11,1
20,13,40,4.0219,3.3927,4.1848,0.1034,15,0
43,33,0,4.1757,4.0667,0.0,0.0,27,1
23,13,40,3.882,2.7774,4.0587,0.0984,15,0
31,21,0,3.8457,3.4992,0.0,0.0,11,1
16,5,0,3.75,2.3219,0.0,0.25,5,0
9,0,39,2.7255,0.0,3.9772,0.0,11,1
33,23,0,4.162,3.7081,0.0,0.0,12,1
15,6,0,3.6402,2.585,0.0,0.1176,4,0
24,14,40,3.9183,3.3788,4.2628,0.0635,15,0
37,27,40,4.1549,3.9582,4.3153,0.0225,15,0
43,34,0,4.1002,3.8588,0.0,0.0,12,0
7,0,0,2.8074,0.0,0.0,0.0,1,0
38,24,0,4.5214,3.9702,0.0,0.0,15,1
9,0,48,3.1699,0.0,4.2563,0.0217,11,1
24,17,0,3.8554,3.3372,0.0,0.1379,12,0
13,0,34,3.5466,0.0,4.1163,0.0571,9,1
31,21,0,3.9905,3.4992,0.0,0.0,10,1
31,24,0,3.8213,3.4387,0.0,0.0,24,1
40,30,0,4.1726,3.7996,0.0,0.5283,17,1
30,20,0,3.7078,3.5464,0.0,0.0,8,0
39,30,0,4.1117,3.7647,0.0,0.0889,24,1
44,34,0,4.1209,3.8337,0.0,0.0606,12,0
9,0,0,2.9477,0.0,0.0,0.0,1,0
17,15,0,3.7345,3.5069,0.0,0.0833,8,0
5,0,0,2.3219,0.0,0.0,0.0,1,0
14,4,40,3.6645,2.0,4.0373,0.0851,11,0
9,0,40,2.9477,0.0,4.0939,0.0488,8,0
47,37,0,4.0518,3.8747,0.0,0.0278,12,0
29,22,0,4.3232,3.8454,0.0,0.2759,16,1
28,21,0,3.9138,3.4273,0.0,0.1081,12,0
64,57,0,4.8473,4.679,0.0,0.043,16,1
40,30,0,4.3414,3.7996,0.0,0.5185,16,1
32,24,0,3.7303,3.4387,0.0,0.0,24,1
37,26,40,4.1753,3.9022,4.1776,0.0964,20,0
24,14,0,3.8868,3.5216,0.0,0.1333,8,0
48,38,0,4.4844,4.0682,0.0,0.3714,16,1
35,25,0,3.7643,3.2627,0.0,0.0,12,0
41,31,0,4.2963,4.1715,0.0,0.1,12,0
35,21,0,4.2973,3.4992,0.0,0.0,11,1
23,13,40,3.7623,3.3927,4.2628,0.0656,15,0
20,9,0,3.8219,2.7255,0.0,0.0,5,0
36,27,0,3.9749,3.6801,0.0,0.0392,12,0
24,14,40,3.9183,3.4677,4.1128,0.0299,11,0
27,20,0,4.3104,3.9219,0.0,0.129,14,1
36,29,0,4.8156,4.4871,0.0,0.1951,18,1
15,5,40,3.7736,2.3219,4.3342,0.0408,11,0
34,24,0,3.5869,3.4387,0.0,0.0,25,1
7,0,40,2.8074,0.0,4.0464,0.0513,8,0
11,4,0,3.2776,2.0,0.0,0.1818,4,0
25,23,0,3.8137,3.7081,0.0,0.0,12,1
43,33,0,4.3129,4.0667,0.0,0.0,26,1
38,30,0,4.3737,3.7996,0.0,0.5385,16,1
40,30,0,4.0464,3.7647,0.0,0.087,24,1
30,20,0,3.8981,3.5464,0.0,0.0,5,0
29,22,0,4.3232,3.8454,0.0,0.2759,16,1
8,0,0,3.0,0.0,0.0,0.0,1,0
32,23,0,4.3903,4.1757,0.0,0.0513,16,1
37,27,0,4.0468,3.9582,0.0,0.0444,19,1
31,21,0,3.8457,3.4992,0.0,0.0,11,1
37,30,0,4.0468,3.7647,0.0,0.093,24,1
9,0,40,2.7255,0.0,4.1939,0.0488,8,0
39,29,0,4.8045,4.4182,0.0,0.1818,18,1
31,20,0,4.236,3.7842,0.0,0.05,9,0
45,35,0,4.3916,4.3357,0.0,0.0,12,1
10,0,55,2.9219,0.0,4.4798,0.2407,11,1
33,23,0,3.9832,3.7951,0.0,0.0,8,0
38,24,0,4.5214,3.9702,0.0,0.0,15,1
6,0,48,2.585,0.0,4.2563,0.0233,11,1
31,24,0,4.1958,3.8239,0.0,0.093,12,0
13,0,0,3.5466,0.0,0.0,0.0,2,0
37,27,0,4.0237,3.9582,0.0,0.0435,18,1
16,9,40,3.5,2.7255,4.2062,0.037,11,0
34,24,40,3.83,3.6368,4.1939,0.0241,15,0
40,30,0,4.0464,3.7647,0.0,0.087,24,1
9,0,0,2.9477,0.0,0.0,0.0,1,0
8,0,0,3.0,0.0,0.0,0.0,1,0
35,29,0,4.7649,4.4871,0.0,0.2,18,1
9,0,34,3.1699,0.0,4.1163,0.0625,8,1
31,21,0,3.8213,3.4992,0.0,0.0,10,1
32,23,0,3.9681,3.7081,0.0,0.0,12,1
30,23,0,4.0817,3.7081,0.0,0.0,12,1
17,10,0,3.7345,3.1219,0.0,0.0,4,0
21,15,0,3.9161,3.5069,0.0,0.1429,8,0
30,20,0,4.3484,3.9219,0.0,0.1176,14,1
46,36,0,3.7588,3.4569,0.0,0.2222,19,1
1,0,48,-0.0,0.0,4.2563,0.0263,11,1
12,10,40,3.4183,3.1219,4.1251,0.0392,11,0
15,6,0,3.6402,2.585,0.0,0.1176,4,0
52,38,0,4.5691,4.0682,0.0,0.3562,17,1
28,22,0,4.1375,3.6978,0.0,0.1429,18,1
46,35,0,4.1292,3.9357,0.0,0.0,13,0
35,24,0,3.8214,3.4387,0.0,0.0,25,1
34,24,0,3.8559,3.4387,0.0,0.0,24,1
32,30,0,3.9292,3.7647,0.0,0.1053,24,1
13,6,0,3.7004,2.585,0.0,0.4,4,0
5,0,40,2.3219,0.0,4.1751,0.0541,8,0
25,18,40,4.0537,3.8366,4.1128,0.0294,15,0
26,24,0,3.5035,3.4387,0.0,0.0,24,1
29,22,0,4.0733,3.8797,0.0,0.0488,8,0
1,0,0,-0.0,0.0,0.0,0.0,1,0
20,6,0,4.0219,2.585,0.0,0.0952,5,0
41,31,0,4.0132,3.8245,0.0,0.0667,12,0
38,31,0,4.2211,3.9779,0.0,0.0351,12,0
31,23,0,4.1313,3.882,0.0,0.0476,12,0
43,36,0,3.9926,3.6979,0.0,0.0,12,0
45,31,0,4.1772,3.8245,0.0,0.0,15,1
5,0,47,2.3219,0.0,4.3901,0.3333,10,1
34,27,0,4.2417,3.9582,0.0,0.0465,18,1
24,17,40,4.0535,3.6169,4.3439,0.0303,15,0
13,5,0,3.7004,2.3219,0.0,0.2857,4,0
37,30,0,4.0468,3.7647,0.0,0.093,24,1
20,10,0,3.3087,2.5219,0.0,0.2857,9,0
28,20,40,3.7979,3.5842,4.1153,0.0274,15,0
42,33,0,3.6558,3.384,0.0,0.0,34,1
35,21,0,4.3544,3.8209,0.0,0.0,9,1
34,23,0,4.1134,3.7081,0.0,0.0,13,1
40,30,0,4.4128,4.1614,0.0,0.0408,17,1
25,14,0,4.0235,3.5216,0.0,0.1333,9,0
29,18,0,3.8144,3.3921,0.0,0.0,9,0
40,31,0,4.0964,3.8245,0.0,0.0,14,1
16,6,0,3.3278,2.585,0.0,0.3529,5,0
46,35,0,4.1891,3.9002,0.0,0.0,13,0
39,29,0,4.8045,4.4871,0.0,0.1818,18,1
21,14,0,3.8209,3.3788,0.0,0.0741,8,0
47,33,0,3.8942,3.384,0.0,0.0,35,1
30,22,0,4.0566,3.6978,0.0,0.1333,18,1
24,22,0,4.0535,3.8797,0.0,0.0556,8,0
20,6,0,4.0219,2.585,0.0,0.0952,5,0
13,0,0,3.5466,0.0,0.0,0.0,2,0
32,22,0,4.2264,3.6978,0.0,0.125,18,1
41,31,0,3.8753,3.8245,0.0,0.0,15,1
37,30,0,4.4224,4.1614,0.0,0.0426,16,1
38,24,0,3.9381,3.4387,0.0,0.0,25,1
33,23,0,4.2714,4.1757,0.0,0.05,16,1
34,24,0,4.147,3.9702,0.0,0.0,15,1
28,22,0,4.2534,4.0615,0.0,0.1579,12,0
35,21,0,4.2973,3.4992,0.0,0.0,11,1
23,16,40,3.969,3.625,4.0939,0.125,15,0
44,38,0,4.3951,4.0682,0.0,0.3939,16,1
16,5,0,3.75,2.3219,0.0,0.25,5,0
23,15,0,3.6753,3.3736,0.0,0.0,4,0
31,21,0,4.0392,3.8209,0.0,0.0,8,1
34,24,40,3.8337,3.6054,4.1939,0.0513,20,0
8,6,0,3.0,2.585,0.0,0.2,4,0
47,33,0,4.4105,4.0667,0.0,0.0,27,1
5,0,0,2.3219,0.0,0.0,0.0,1,0
30,24,0,4.1232,3.9702,0.0,0.0,8,0
34,24,0,3.8559,3.4387,0.0,0.0,24,1
39,29,0,4.0023,3.6933,0.0,0.0714,12,0
9,0,40,2.7255,0.0,4.1751,0.0488,8,0
31,21,0,4.1069,4.0114,0.0,0.0455,8,0
30,24,0,3.7777,3.4387,0.0,0.0,24,1
31,21,0,4.2603,3.9754,0.0,0.15,12,0
41,30,0,4.3522,3.7996,0.0,0.5185,17,1
6,0,40,2.585,0.0,4.2464,0.0526,8,0
13,5,0,3.7004,2.3219,0.0,0.2857,4,0
24,15,40,4.0016,3.5069,4.1751,0.0625,15,0
8,0,39,3.0,0.0,3.9772,0.0,11,1
41,34,0,4.705,4.3594,0.0,0.0816,18,1
34,24,0,3.5869,3.4387,0.0,0.0,25,1
33,23,0,4.0179,3.7081,0.0,0.0,13,1
38,24,0,4.5214,3.9702,0.0,0.0,15,1
33,25,0,3.9374,3.8137,0.0,0.0,12,0
41,33,0,4.1899,4.0667,0.0,0.0,26,1
47,33,0,3.8942,3.384,0.0,0.0,35,1
13,0,40,3.5466,0.0,4.3031,0.0455,9,0
43,33,0,4.1757,4.0667,0.0,0.0,27,1
13,0,39,3.5466,0.0,3.9772,0.0,12,1
45,39,0,4.3332,4.163,0.0,0.0833,12,0
35,27,0,4.0931,3.9582,0.0,0.0455,18,1
18,8,0,3.4194,2.75,0.0,0.0,4,0
41,34,0,4.6866,4.3594,0.0,0.0816,18,1
23,9,40,3.8279,2.9477,4.0628,0.0333,12,0
41,31,0,4.0609,3.8245,0.0,0.0,14,1
30,20,0,4.1647,3.9219,0.0,0.1176,14,1
13,0,0,3.5466,0.0,0.0,0.0,2,0
41,31,0,3.9913,3.8245,0.0,0.0,14,1
27,20,0,4.3104,3.9219,0.0,0.129,14,1
1,0,0,-0.0,0.0,0.0,0.0,1,0
27,19,0,3.6899,3.4316,0.0,0.0,8,0
31,22,0,4.2603,3.7544,0.0,0.2581,16,1
40,30,0,4.3414,3.7996,0.0,0.5185,16,1
31,21,0,4.1439,3.4992,0.0,0.0,10,1
48,38,0,4.427,4.0682,0.0,0.3714,16,1
14,7,0,3.6645,2.8074,0.0,0.0,4,0
43,33,0,4.2398,3.8997,0.0,0.0,12,0
39,30,0,4.3681,4.1614,0.0,0.0408,16,1
26,16,40,3.9501,3.5,4.2251,0.0597,15,0
32,23,0,4.0542,3.5884,0.0,0.0465,12,0
28,18,0,4.0391,3.7255,0.0,0.0,8,0
32,24,0,4.2889,3.9702,0.0,0.0,14,1
10,0,0,2.9219,0.0,0.0,0.0,2,0
17,9,40,3.3372,2.7255,4.2439,0.0364,11,0
36,22,0,4.3712,3.6978,0.0,0.1143,19,1
36,22,0,4.3712,3.6978,0.0,0.1143,19,1
44,33,0,4.0838,3.862,0.0,0.0312,13,0
24,13,0,3.7721,2.9312,0.0,0.1429,9,0
36,26,0,4.0651,3.7381,0.0,0.04,12,0
19,9,0,3.5766,2.9477,0.0,0.0,4,0
19,9,40,3.5766,2.9477,4.1628,0.0351,11,0
30,23,0,4.3232,4.1757,0.0,0.0541,16,1
9,0,48,2.7255,0.0,4.2563,0.0217,11,1
40,31,0,4.0964,3.8245,0.0,0.0,14,1
15,6,40,3.7736,2.585,4.1653,0.16,11,0
32,21,0,4.2889,3.5945,0.0,0.0667,19,1
32,18,0,4.2889,3.7255,0.0,0.0,9,0
9,0,0,3.1699,0.0,0.0,0.0,1,0
29,19,0,3.7975,3.4714,0.0,0.0,8,0
9,0,0,2.9477,0.0,0.0,0.0,1,0
34,24,0,4.1944,3.9702,0.0,0.0,14,1
35,21,0,4.3544,3.8209,0.0,0.0,9,1
45,35,40,4.0702,3.783,4.2128,0.0192,16,0
1,0,40,-0.0,0.0,4.0062,0.0606,8,0
34,24,0,3.5869,3.4387,0.0,0.0,25,1
23,16,0,4.0888,3.625,0.0,0.1935,8,0
37,31,40,4.1753,3.9779,4.1964,0.022,15,0
38,31,0,3.9682,3.7166,0.0,0.0,8,0
35,33,0,3.4454,3.384,0.0,0.0,34,1
41,35,0,4.473,4.3357,0.0,0.0,12,1
32,23,0,3.9681,3.7081,0.0,0.0,12,1
16,9,0,3.75,2.7255,0.0,0.0,4,0
7,0,0,2.8074,0.0,0.0,0.0,1,0
40,30,0,4.0464,3.7647,0.0,0.087,24,1
7,0,0,2.8074,0.0,0.0,0.0,1,0
28,21,0,4.0391,3.5945,0.0,0.0741,18,1
10,0,0,2.9219,0.0,0.0,0.0,2,0
30,22,0,4.2566,3.8454,0.0,0.2667,16,1
35,33,0,4.1503,4.0667,0.0,0.0,26,1
28,21,0,4.107,3.8209,0.0,0.0,8,1
20,10,0,3.6219,3.1219,0.0,0.0,5,0
41,33,0,4.5402,4.2942,0.0,0.0417,18,1
9,0,40,2.9477,0.0,4.0226,0.0488,8,0
30,22,0,4.0566,3.6978,0.0,0.1333,18,1
11,9,0,3.4594,3.1699,0.0,0.0,4,0
25,15,0,4.0235,3.4566,0.0,0.0,5,0
33,23,0,4.162,3.7081,0.0,0.0,12,1
14,8,0,3.5216,3.0,0.0,0.0,4,0
40,33,40,4.1873,3.9226,4.3653,0.0213,19,0
23,21,0,3.7951,3.5945,0.0,0.0909,18,1
55,47,40,3.9939,3.8878,4.1776,0.0163,19,0
11,4,0,3.4594,2.0,0.0,0.1818,4,0
8,0,39,3.0,0.0,3.9772,0.0,11,1
31,24,0,4.3248,4.1368,0.0,0.0465,12,0
37,30,0,4.0468,3.7647,0.0,0.093,24,1
33,23,0,4.0179,3.7081,0.0,0.0,12,1
34,24,40,4.0431,3.6573,4.2628,0.0759,19,0
41,30,0,4.4218,4.1614,0.0,0.04,17,1
9,0,40,2.9477,0.0,4.1439,0.0488,8,0
40,30,0,4.3414,3.7996,0.0,0.5185,16,1
30,20,0,4.1647,3.9219,0.0,0.1176,14,1
37,27,0,4.1957,4.0323,0.0,0.1071,8,0
10,0,0,2.9219,0.0,0.0,0.0,2,0
6,0,47,2.585,0.0,4.3901,0.3256,10,1
31,24,0,4.2084,3.9702,0.0,0.0,14,1
26,24,0,3.9022,3.7202,0.0,0.0526,12,0
30,21,0,3.9484,3.4992,0.0,0.0,10,1
13,0,0,3.5466,0.0,0.0,0.0,2,0
41,30,0,4.1804,3.7647,0.0,0.087,25,1
29,22,0,4.0473,3.6069,0.0,0.1379,18,1
47,33,0,4.4105,4.0667,0.0,0.0,27,1
25,15,0,3.7231,3.3736,0.0,0.0,4,0
27,20,0,4.1623,3.9842,0.0,0.1026,8,0
6,0,40,2.585,0.0,4.1251,0.0526,8,0
44,36,0,3.8157,3.4569,0.0,0.2258,18,1
44,33,0,3.703,3.384,0.0,0.0,35,1
46,36,0,3.8014,3.4569,0.0,0.2188,18,1
9,0,40,2.9477,0.0,4.2751,0.0488,8,0
43,29,0,4.8506,4.4182,0.0,0.1702,19,1
45,35,0,4.4193,4.3357,0.0,0.0,12,1
35,21,0,4.3544,3.8209,0.0,0.0,9,1
5,0,0,2.3219,0.0,0.0,0.0,1,0
9,0,0,2.4194,0.0,0.0,0.0,2,0
40,33,0,3.6108,3.384,0.0,0.0,34,1
21,19,0,3.8209,3.6163,0.0,0.0,8,0
45,35,0,4.369,4.3357,0.0,0.0,13,1
31,24,0,3.8213,3.4387,0.0,0.0,24,1
55,45,0,3.9878,3.8144,0.0,0.0,12,0
40,30,0,4.2118,4.1614,0.0,0.04,16,1
33,31,0,3.8997,3.8245,0.0,0.0,14,1
24,17,40,4.1368,3.7345,4.0628,0.1212,15,0
10,0,0,2.9219,0.0,0.0,0.0,2,0
38,29,0,4.7544,4.4182,0.0,0.186,18,1
21,14,40,4.0114,3.6645,4.1439,0.0667,15,0
19,11,0,3.7216,2.5503,0.0,0.3636,8,0
67,57,0,4.838,4.679,0.0,0.0417,16,1
66,57,0,4.8475,4.679,0.0,0.0421,16,1
38,29,0,4.807,4.4871,0.0,0.186,18,1
40,33,0,3.6108,3.384,0.0,0.0,34,1
16,6,0,3.4528,2.585,0.0,0.1111,4,0
1,0,40,-0.0,0.0,4.2251,0.0606,8,0
29,22,0,3.9094,3.5383,0.0,0.0513,12,0
45,35,0,4.4112,4.3357,0.0,0.0,12,1
40,30,0,4.2342,3.7647,0.0,0.087,24,1
8,0,0,3.0,0.0,0.0,0.0,1,0
10,0,0,2.9219,0.0,0.0,0.0,2,0
6,0,0,2.585,0.0,0.0,0.0,1,0
33,23,0,4.3549,4.1757,0.0,0.05,16,1
30,20,0,4.3484,3.9219,0.0,0.1176,14,1
51,41,0,4.1107,3.842,0.0,0.0,13,0
67,57,0,4.838,4.679,0.0,0.0417,16,1
32,22,0,4.3278,3.8454,0.0,0.25,16,1
39,33,0,4.3555,4.0667,0.0,0.0,26,1
17,6,0,3.6169,2.585,0.0,0.1111,5,0
31,22,40,4.0023,3.5726,4.1964,0.0811,19,0
40,30,0,4.4464,4.1614,0.0,0.04,16,1
30,21,0,4.1232,3.8209,0.0,0.0,8,1
31,21,0,3.8457,3.4992,0.0,0.0,11,1
35,28,40,3.8354,3.6726,4.2939,0.0238,19,0
33,31,0,3.8997,3.8245,0.0,0.0,14,1
5,0,0,2.3219,0.0,0.0,0.0,1,0
37,30,0,4.0468,3.7647,0.0,0.093,24,1
26,24,0,3.5035,3.4387,0.0,0.0,24,1
43,33,0,3.638,3.384,0.0,0.0,35,1
28,22,0,4.2534,3.8454,0.0,0.2857,16,1
29,23,40,4.1852,3.882,4.3653,0.137,19,0
43,33,0,3.638,3.384,0.0,0.0,35,1
24,17,40,4.0016,3.6169,4.2031,0.0606,15,0
7,5,0,2.8074,2.3219,0.0,0.5,4,0
26,16,0,3.8731,3.75,0.0,0.0,4,0
6,0,0,2.585,0.0,0.0,0.0,1,0
32,22,0,4.2264,3.6978,0.0,0.125,18,1
35,33,0,4.3002,4.165,0.0,0.1786,12,0
40,30,0,4.4128,4.1614,0.0,0.0408,17,1
23,17,0,3.8492,3.6169,0.0,0.0,8,0
19,9,40,3.8924,3.1699,4.2439,0.0357,12,0
35,26,0,4.1363,3.8441,0.0,0.0,12,0
37,23,0,4.2735,3.7081,0.0,0.0,13,1
8,0,40,3.0,0.0,3.9562,0.05,8,0
9,0,0,2.7255,0.0,0.0,0.0,1,0
68,57,0,4.9305,4.679,0.0,0.0417,17,1
34,26,0,3.9147,3.7193,0.0,0.0417,12,0
34,32,40,4.396,4.2653,4.3153,0.092,19,0
27,21,0,3.9582,3.4992,0.0,0.0,10,1
32,24,0,4.2889,3.9702,0.0,0.0,14,1
29,23,0,3.9783,3.7081,0.0,0.0,12,1
22,15,0,3.8797,3.5069,0.0,0.069,8,0
33,22,0,4.3926,3.7544,0.0,0.25,17,1
35,25,0,3.8186,3.5133,0.0,0.0,8,0
14,8,0,3.3788,2.75,0.0,0.0,4,0
34,24,0,4.1944,3.9702,0.0,0.0,14,1
37,27,40,4.0237,3.9121,4.066,0.0714,20,0
40,30,0,4.1276,3.7647,0.0,0.0889,25,1
40,30,0,4.0464,3.7647,0.0,0.087,24,1
15,8,40,3.6402,2.75,4.2464,0.0385,11,0
20,6,0,4.0219,2.585,0.0,0.0952,5,0
33,24,0,4.0289,3.6573,0.0,0.0,8,0
34,27,0,4.2417,3.9582,0.0,0.0465,18,1
24,22,0,3.8868,3.6978,0.0,0.1667,18,1
13,6,0,3.5466,2.585,0.0,0.1333,4,0
41,32,40,4.3571,4.1167,4.2439,0.0213,19,0
37,27,0,4.2266,3.7043,0.0,0.4783,18,1
41,30,0,4.1804,3.7647,0.0,0.087,25,1
47,33,0,4.4105,4.0667,0.0,0.0,27,1
33,24,0,4.3171,3.9702,0.0,0.0,14,1
34,32,0,4.2561,4.1167,0.0,0.0741,12,0
23,13,0,3.6212,2.9312,0.0,0.1429,8,0
16,6,0,3.4528,2.585,0.0,0.1111,4,0
26,16,40,3.8543,3.3278,4.1464,0.0597,15,0
23,16,0,4.0888,3.625,0.0,0.0645,8,0
17,15,0,3.6169,3.3736,0.0,0.0,4,0
33,23,0,4.0179,3.7081,0.0,0.0,13,1
17,15,0,3.9698,3.7736,0.0,0.1667,8,0
34,24,0,4.1944,3.9702,0.0,0.0,14,1
9,0,0,2.4194,0.0,0.0,0.0,2,0
37,29,0,4.6485,4.3492,0.0,0.1905,18,1
40,30,0,4.2342,3.7647,0.0,0.087,24,1
9,0,40,2.4194,0.0,4.3842,0.05,9,0
44,30,0,4.5555,4.1614,0.0,0.0377,17,1
38,27,0,4.2211,3.9582,0.0,0.0435,19,1
31,23,0,4.0424,3.7081,0.0,0.0,12,1
20,6,0,4.0219,2.585,0.0,0.0952,5,0
39,33,0,3.601,3.384,0.0,0.0,34,1
33,24,0,4.3171,3.9702,0.0,0.0,14,1
34,23,0,4.1134,3.7081,0.0,0.0,13,1
31,21,0,3.9905,3.4992,0.0,0.0,10,1
43,36,0,4.1933,4.0095,0.0,0.0,12,0
9,0,40,3.1699,0.0,4.2251,0.0488,8,0
44,33,0,3.703,3.384,0.0,0.0,35,1
9,0,39,2.9477,0.0,3.9772,0.0,11,1
36,26,0,3.7527,3.4885,0.0,0.04,12,0
40,33,40,4.1087,3.862,4.0087,0.0426,19,0
46,35,0,4.5263,4.3357,0.0,0.0,13,1
13,0,0,3.5466,0.0,0.0,0.0,2,0
30,20,0,4.1647,3.9219,0.0,0.1176,14,1
28,21,0,4.1375,3.8209,0.0,0.0,8,1
43,33,0,3.8521,3.384,0.0,0.0,34,1
21,15,0,3.9161,3.5069,0.0,0.0,8,0
13,0,40,3.5466,0.0,4.2464,0.0455,9,0
9,0,40,2.9477,0.0,4.2251,0.0488,8,0
26,20,0,3.5074,2.9332,0.0,0.1765,12,0
36,22,0,4.3712,3.6978,0.0,0.1143,19,1
39,33,0,3.601,3.384,0.0,0.0,34,1
39,31,0,4.2462,4.0424,0.0,0.0357,12,0
12,6,0,3.4183,2.585,0.0,0.1429,4,0
12,5,40,3.585,2.3219,4.116,0.1304,11,0
7,0,40,2.8074,0.0,4.1776,0.0513,8,0
10,0,40,2.9219,0.0,3.8971,0.0488,9,0
11,5,0,3.4594,2.3219,0.0,0.3333,4,0
43,36,0,4.1848,3.9959,0.0,0.0,12,0
10,0,55,2.9219,0.0,4.4798,0.2407,11,1
9,0,55,2.7255,0.0,4.4798,0.2407,10,1
9,0,0,3.1699,0.0,0.0,0.0,1,0
59,57,0,4.7678,4.679,0.0,0.0455,16,1
41,33,0,3.7066,3.384,0.0,0.0,34,1
9,0,0,2.4194,0.0,0.0,0.0,2,0
9,0,0,2.4194,0.0,0.0,0.0,2,0
37,30,0,4.1753,3.7647,0.0,0.093,24,1
41,31,0,4.3267,4.0668,0.0,0.0,12,0
6,0,0,2.585,0.0,0.0,0.0,1,0
26,20,0,4.2389,3.9219,0.0,0.1333,14,1
10,0,0,2.9219,0.0,0.0,0.0,2,0
18,8,40,3.7255,2.75,4.2939,0.0364,11,0
51,41,0,4.0379,3.942,0.0,0.0,12,0
38,29,0,4.7017,4.3492,0.0,0.186,18,1
35,25,0,4.2506,3.9737,0.0,0.0,8,0
25,15,0,3.8937,3.5069,0.0,0.0625,8,0
24,22,0,3.8868,3.6978,0.0,0.1667,18,1
32,22,0,3.8553,3.5383,0.0,0.0476,12,0
36,30,0,4.3401,4.1614,0.0,0.0435,16,1
29,22,0,4.3232,3.8454,0.0,0.2759,16,1
34,24,0,4.147,3.9702,0.0,0.0,15,1
49,38,0,4.5366,4.0682,0.0,0.3714,17,1
28,21,0,3.9372,3.4992,0.0,0.0,10,1
50,41,0,4.3717,4.1411,0.0,0.1644,18,1
27,17,0,3.4723,2.911,0.0,0.0,8,0
44,34,0,4.715,4.3594,0.0,0.0769,18,1
40,33,0,3.5797,3.384,0.0,0.0,34,1
33,23,40,4.0179,3.8492,4.1939,0.1053,20,0
40,30,0,4.1276,3.7647,0.0,0.0889,25,1
37,29,0,4.7026,4.4182,0.0,0.1905,18,1
26,24,0,4.1329,3.9702,0.0,0.0,14,1
32,24,40,4.1167,3.7721,4.0873,0.0779,19,0
29,18,40,4.0304,3.5724,4.1251,0.0282,16,0
37,30,0,4.2035,3.7996,0.0,0.549,16,1
23,13,0,4.0888,3.5466,0.0,0.0714,8,0
29,22,40,4.2542,3.9706,4.1062,0.1389,19,0
45,34,0,4.7807,4.3594,0.0,0.0769,19,1
7,0,40,2.8074,0.0,4.2153,0.0513,8,0
32,24,0,3.7303,3.4387,0.0,0.0,24,1
9,0,0,2.9477,0.0,0.0,0.0,1,0
27,17,0,4.1623,3.7345,0.0,0.1667,8,0
40,30,0,4.1276,3.7647,0.0,0.0889,25,1
39,25,40,4.2655,3.6537,4.1939,0.0233,16,0
9,0,39,2.7255,0.0,3.9772,0.0,11,1
23,16,0,4.0018,3.5,0.0,0.0645,8,0
44,38,0,4.3951,4.0682,0.0,0.3939,16,1
21,14,40,3.7257,3.4677,4.3342,0.0312,11,0
30,20,0,4.3484,3.9219,0.0,0.1176,14,1
34,24,0,4.1944,3.9702,0.0,0.0,14,1
30,22,0,4.0566,3.6978,0.0,0.1333,18,1
20,9,40,3.8219,2.7255,4.1153,0.0351,12,0
39,29,0,4.6632,4.4871,0.0,0.1818,18,1
34,23,0,4.1134,3.7081,0.0,0.0,13,1
46,36,0,3.7978,3.7045,0.0,0.0,8,0
25,16,40,4.0537,3.75,4.0062,0.0286,11,0
1,0,0,-0.0,0.0,0.0,0.0,1,0
16,7,0,3.75,2.8074,0.0,0.0,4,0
35,33,0,3.4454,3.384,0.0,0.0,34,1
9,0,0,2.7255,0.0,0.0,0.0,1,0
34,24,40,3.8366,3.6054,4.0037,0.0759,19,0
36,22,40,4.2737,3.6635,4.1087,0.0513,20,0
10,0,0,2.9219,0.0,0.0,0.0,2,0
23,16,40,4.0231,3.75,4.1939,0.0294,11,0
32,25,0,4.1792,3.8635,0.0,0.0889,12,0
36,26,0,3.9404,3.8441,0.0,0.0,8,0
32,22,40,4.2889,3.9706,4.2342,0.1039,15,0
11,9,0,3.2776,2.9477,0.0,0.0,4,0
23,21,0,3.7081,3.4992,0.0,0.0,10,1
34,24,0,4.4297,3.9702,0.0,0.0,14,1
25,16,0,3.9239,3.3278,0.0,0.0606,8,0
16,8,0,3.5,2.75,0.0,0.0,4,0
34,24,0,3.8481,3.5535,0.0,0.087,12,0
13,6,0,3.5466,2.585,0.0,0.1333,4,0
45,38,0,4.4068,4.0682,0.0,0.3881,16,1
6,0,47,2.585,0.0,4.3901,0.3256,10,1
9,0,34,2.9477,0.0,4.1163,0.0625,8,1
29,23,0,3.8404,3.4686,0.0,0.1,12,0
6,0,0,2.585,0.0,0.0,0.0,1,0
34,24,0,4.1944,3.9702,0.0,0.0,14,1
41,31,0,3.9913,3.8245,0.0,0.0,14,1
10,0,0,2.9219,0.0,0.0,0.0,2,0
26,24,0,3.8731,3.6887,0.0,0.0526,12,0
42,31,0,4.3001,4.0181,0.0,0.0667,13,0
31,23,0,4.1155,3.9149,0.0,0.0,8,0
24,22,0,4.0221,3.8454,0.0,0.3333,16,1
52,38,0,4.219,3.8854,0.0,0.026,13,0
41,30,0,4.3522,3.7996,0.0,0.5185,17,1
25,18,40,4.1035,3.7255,4.2276,0.0294,15,0
11,9,0,3.2776,2.9477,0.0,0.0,4,0
6,0,0,2.585,0.0,0.0,0.0,1,0
27,20,0,4.2825,3.9219,0.0,0.129,14,1
29,18,40,4.0994,3.7255,4.2153,0.0282,16,0
41,34,0,4.705,4.3594,0.0,0.0816,18,1
20,11,40,3.9219,3.2776,4.1939,0.1071,15,0
64,57,0,4.8473,4.679,0.0,0.043,16,1
13,0,0,3.5466,0.0,0.0,0.0,2,0
26,16,0,3.8543,3.3278,0.0,0.0588,8,0
42,35,0,4.4516,4.3357,0.0,0.0,12,1
64,57,0,4.8785,4.679,0.0,0.043,16,1
32,23,0,3.9681,3.7081,0.0,0.0,12,1
42,34,0,4.5945,4.3594,0.0,0.08,18,1
13,6,0,3.5466,2.585,0.0,0.1333,4,0
31,24,0,3.8213,3.4387,0.0,0.0,24,1
32,22,0,4.1556,3.8454,0.0,0.25,16,1
30,19,0,3.7899,3.3264,0.0,0.0,9,0
10,0,0,2.9219,0.0,0.0,0.0,2,0
40,32,0,4.0373,3.9292,0.0,0.0333,12,0
39,30,0,4.3311,3.7996,0.0,0.5283,16,1
47,41,0,4.4509,4.1411,0.0,0.1714,18,1
9,0,48,3.1699,0.0,4.2563,0.0217,11,1
25,18,0,3.8937,3.6144,0.0,0.0,8,0
36,26,40,3.9823,3.7381,4.1842,0.0241,19,0
37,30,0,4.0468,3.7647,0.0,0.093,24,1
31,24,0,4.2084,3.9702,0.0,0.0,14,1
42,33,0,3.6558,3.384,0.0,0.0,34,1
20,10,0,3.5842,3.1219,0.0,0.0,4,0
43,33,0,3.8521,3.384,0.0,0.0,34,1
30,20,0,4.1647,3.7842,0.0,0.0513,9,0
23,16,40,3.8492,3.5,4.1848,0.0625,15,0
23,9,0,3.882,2.9477,0.0,0.0,5,0
16,6,0,3.75,2.585,0.0,0.1111,4,0
28,22,0,3.8693,3.4817,0.0,0.1053,12,0
50,40,0,3.9133,3.8276,0.0,0.0,12,0
41,30,0,4.1804,3.7647,0.0,0.087,25,1
41,34,0,4.6866,4.3594,0.0,0.0816,18,1
1,0,39,-0.0,0.0,3.9772,0.0,11,1
19,10,0,3.5766,3.1219,0.0,0.0,4,0
49,35,40,4.1813,3.829,4.2464,0.0192,20,0
45,36,40,4.0992,3.7663,4.0226,0.0392,19,0
36,30,0,4.2472,3.7996,0.0,0.56,16,1
40,30,0,4.3062,4.1614,0.0,0.04,16,1
38,28,0,4.1814,3.9947,0.0,0.1111,12,0
9,0,0,2.7255,0.0,0.0,0.0,1,0
42,35,0,4.4516,4.3357,0.0,0.0,12,1
16,10,0,3.7028,3.1219,0.0,0.0,4,0
7,0,47,2.8074,0.0,4.3901,0.3182,10,1
43,33,0,3.8521,3.384,0.0,0.0,34,1
37,27,0,4.0468,3.9582,0.0,0.0444,19,1
6,0,47,2.585,0.0,4.3901,0.3256,10,1
45,38,0,4.2248,4.0407,0.0,0.0282,12,0
16,6,40,3.75,2.585,4.2439,0.0784,11,0
28,21,0,4.1375,3.8209,0.0,0.0,8,1
51,41,0,4.3492,4.1411,0.0,0.1622,18,1
44,30,0,4.311,3.7647,0.0,0.0816,25,1
16,9,40,3.75,2.7255,4.2653,0.037,11,0
18,8,0,3.4613,2.75,0.0,0.0,4,0
28,18,0,4.0661,3.3921,0.0,0.0,9,0
34,24,0,4.1944,3.9702,0.0,0.0,14,1
9,0,0,2.7255,0.0,0.0,0.0,1,0
35,21,0,4.2973,3.4992,0.0,0.0,11,1
9,0,55,2.7255,0.0,4.4798,0.2407,10,1
6,0,47,2.585,0.0,4.3901,0.3256,10,1
14,8,0,3.3788,2.75,0.0,0.0,4,0
49,35,0,4.4665,4.3357,0.0,0.0,13,1
42,34,40,4.3001,4.1607,4.0964,0.1031,19,0
8,0,39,3.0,0.0,3.9772,0.0,11,1
30,20,0,3.7899,3.5464,0.0,0.0,8,0
36,26,0,4.3156,4.1039,0.0,0.04,12,0
7,0,0,2.8074,0.0,0.0,0.0,1,0
32,22,0,3.9261,3.6069,0.0,0.129,19,1
50,36,0,3.9823,3.4569,0.0,0.209,19,1
45,34,0,4.0302,3.7604,0.0,0.0,13,0
34,24,0,4.1944,3.9702,0.0,0.0,14,1
31,20,40,3.9134,3.5464,4.1628,0.0253,12,0
31,24,0,3.8213,3.4387,0.0,0.0,24,1
33,23,0,4.0179,3.7081,0.0,0.0,13,1
42,36,0,3.8312,3.4569,0.0,0.2333,18,1
41,33,0,4.1899,4.0667,0.0,0.0,26,1
15,8,40,3.3232,2.75,4.1251,0.0385,11,0
40,30,0,4.2118,4.1614,0.0,0.04,16,1
12,6,0,3.4183,2.585,0.0,0.1429,4,0
32,22,0,4.1556,3.8454,0.0,0.25,16,1
34,24,0,3.7382,3.4387,0.0,0.0,24,1
37,30,0,4.0468,3.7647,0.0,0.093,24,1
67,57,0,4.838,4.679,0.0,0.0417,16,1
32,22,0,4.3278,3.7544,0.0,0.25,16,1
40,38,0,4.2012,4.0682,0.0,0.4194,16,1
12,10,40,3.4183,3.1219,4.2653,0.0392,11,0
9,0,0,2.4194,0.0,0.0,0.0,2,0
15,9,40,3.5069,2.9477,4.1751,0.0377,11,0
41,35,0,4.473,4.3357,0.0,0.0,12,1
38,30,0,4.1883,3.7647,0.0,0.0909,24,1
9,0,0,2.9477,0.0,0.0,0.0,1,0
37,23,0,4.263,3.7951,0.0,0.0,9,0
41,31,0,4.0609,3.8245,0.0,0.0,14,1
9,0,40,2.7255,0.0,4.2464,0.0488,8,0
6,0,48,2.585,0.0,4.2563,0.0233,11,1
30,21,0,4.1232,3.8209,0.0,0.0,8,1
28,21,0,3.9502,3.4992,0.0,0.0,10,1
6,0,0,2.585,0.0,0.0,0.0,1,0
43,33,0,4.1757,4.0667,0.0,0.0,27,1
31,21,0,4.0392,3.8209,0.0,0.0,8,1
35,28,0,4.3433,4.1106,0.0,0.1569,12,0
13,0,0,3.5466,0.0,0.0,0.0,2,0
16,6,0,3.875,2.585,0.0,0.1111,4,0
24,14,40,3.7516,3.3788,4.2464,0.0645,16,0
30,23,0,4.1647,3.969,0.0,0.0444,8,0
37,23,0,4.52,4.1757,0.0,0.0465,17,1
41,30,0,4.4218,4.1614,0.0,0.04,17,1
45,36,0,3.857,3.4569,0.0,0.2222,18,1
68,57,0,4.9305,4.679,0.0,0.0417,17,1
32,30,0,4.3011,4.1614,0.0,0.0476,16,1
17,6,0,3.8522,2.585,0.0,0.3333,5,0
31,23,0,4.3492,4.1757,0.0,0.0526,16,1
40,33,0,3.6108,3.384,0.0,0.0,34,1
8,0,0,3.0,0.0,0.0,0.0,1,0
39,32,40,4.2143,3.9445,4.1776,0.0435,19,0
33,23,0,4.2714,4.1757,0.0,0.05,16,1
5,0,48,2.3219,0.0,4.2563,0.0238,11,1
30,21,0,3.9484,3.4992,0.0,0.0,10,1
43,33,0,3.8521,3.384,0.0,0.0,34,1
43,33,0,3.6774,3.384,0.0,0.0,34,1
23,13,0,3.654,3.3927,0.0,0.0741,9,0
9,0,0,3.1699,0.0,0.0,0.0,1,0
32,30,0,3.9619,3.7996,0.0,0.6087,16,1
41,34,0,4.6866,4.3594,0.0,0.0816,18,1
45,36,40,4.0556,3.8219,4.1726,0.0392,19,0
12,10,0,3.4183,3.1219,0.0,0.0,4,0
35,33,0,3.4454,3.384,0.0,0.0,34,1
42,33,0,4.2728,4.0667,0.0,0.0,26,1
30,22,0,4.0566,3.6978,0.0,0.1333,18,1
42,33,0,3.6558,3.384,0.0,0.0,34,1
33,31,0,4.0061,3.8489,0.0,0.0385,12,0
31,24,0,3.8213,3.4387,0.0,0.0,24,1
26,15,0,4.027,3.6402,0.0,0.1875,9,0
27,20,0,4.2825,3.9219,0.0,0.129,14,1
9,0,0,2.7255,0.0,0.0,0.0,1,0
52,38,0,4.5691,4.0682,0.0,0.3562,17,1
10,0,40,2.9219,0.0,3.9848,0.0488,9,0
9,0,0,2.7255,0.0,0.0,0.0,1,0
39,30,0,4.1117,3.7647,0.0,0.0889,24,1
32,30,0,4.3011,4.1614,0.0,0.0476,16,1
17,8,40,3.6169,2.75,4.1751,0.037,11,0
33,27,0,4.1849,3.7043,0.0,0.5238,18,1
40,31,0,4.0964,3.8245,0.0,0.0,14,1
9,0,0,2.4194,0.0,0.0,0.0,2,0
24,14,40,3.8868,3.4677,4.2751,0.0303,12,0
67,57,0,4.838,4.679,0.0,0.0417,16,1
28,21,0,4.107,3.8209,0.0,0.0,8,1
46,38,0,4.5055,4.0682,0.0,0.3824,16,1
25,17,0,3.8635,3.4992,0.0,0.0,8,0
8,0,40,3.0,0.0,4.0939,0.05,8,0
33,23,0,4.0179,3.7081,0.0,0.0,12,1
42,33,0,4.2728,4.0667,0.0,0.0,26,1
35,27,0,4.0931,3.9582,0.0,0.0455,18,1
31,21,0,4.0794,3.8209,0.0,0.0,8,1
33,23,0,4.2455,4.1757,0.0,0.0513,17,1
41,30,0,4.1804,3.7647,0.0,0.087,25,1
34,24,0,3.5869,3.4387,0.0,0.0,25,1
31,21,0,4.1037,4.0114,0.0,0.0465,9,0
48,34,0,4.7304,4.3006,0.0,0.0727,19,1
32,23,0,3.9681,3.7081,0.0,0.0,12,1
20,10,40,3.5842,3.1219,4.2251,0.0339,11,0
26,16,40,4.1329,3.75,4.3531,0.0282,11,0
17,15,0,2.851,2.5056,0.0,0.4,12,0
43,33,40,4.2398,4.0438,4.1348,0.1237,19,0
29,23,0,3.9783,3.7081,0.0,0.0,12,1
16,5,40,3.5,2.3219,4.2062,0.0408,12,0
32,22,0,4.2889,3.6978,0.0,0.125,18,1
63,57,0,4.8125,4.679,0.0,0.0435,16,1
47,33,0,4.384,4.1044,0.0,0.0597,13,0
37,29,0,4.7026,4.4182,0.0,0.1905,18,1
21,15,0,3.9161,3.5069,0.0,0.1429,8,0
9,0,0,2.4194,0.0,0.0,0.0,2,0
8,0,40,3.0,0.0,4.1062,0.05,8,0
33,23,0,3.8212,3.7081,0.0,0.0,12,1
41,31,0,4.1899,3.9134,0.0,0.0,13,0
22,15,40,4.0049,3.5069,4.1439,0.0645,15,0
17,8,0,3.6169,2.75,0.0,0.0,4,0
6,0,40,2.585,0.0,4.0939,0.0526,8,0
40,30,0,4.3062,4.1614,0.0,0.04,16,1
15,5,0,3.2402,2.3219,0.0,0.0,5,0
6,0,0,2.585,0.0,0.0,0.0,1,0
40,30,0,4.2118,4.1614,0.0,0.04,16,1
34,27,0,4.1356,3.7043,0.0,0.5116,18,1
39,29,0,4.8045,4.4871,0.0,0.1818,18,1
7,0,0,2.8074,0.0,0.0,0.0,1,0
33,31,0,3.8997,3.8245,0.0,0.0,14,1
32,24,0,4.2889,3.9702,0.0,0.0,14,1
35,24,0,4.376,3.9702,0.0,0.0,15,1
28,21,0,3.9372,3.4992,0.0,0.0,10,1
46,38,0,4.5055,4.0682,0.0,0.3824,16,1
32,30,0,4.3011,4.1614,0.0,0.0476,16,1
46,38,0,4.5055,4.0682,0.0,0.3824,16,1
18,8,0,3.6835,2.75,0.0,0.0,5,0
20,10,0,4.1219,3.1219,0.0,0.0909,8,0
30,20,0,3.8729,3.5842,0.0,0.0,8,0
48,38,0,4.3436,4.0682,0.0,0.3768,17,1
31,23,0,4.3492,4.1757,0.0,0.0526,16,1
39,33,0,4.3555,4.0667,0.0,0.0,26,1
1,0,40,-0.0,0.0,4.0964,0.0606,8,0
32,22,0,4.3903,3.8454,0.0,0.25,16,1
34,24,0,4.1134,3.7721,0.0,0.0,9,0
31,22,40,4.0668,3.5383,4.2537,0.0541,19,0
31,21,0,4.0392,3.8209,0.0,0.0,8,1
41,31,0,3.8753,3.8245,0.0,0.0,15,1
6,0,40,2.585,0.0,4.3842,0.0526,8,0
40,30,0,4.4128,4.1614,0.0,0.0408,17,1
25,15,40,4.0235,3.4566,4.1439,0.0299,11,0
37,23,0,4.2735,3.7081,0.0,0.0,13,1
44,33,0,4.0894,3.7556,0.0,0.0,13,0
6,4,0,2.585,2.0,0.0,0.3333,4,0
7,0,0,2.8074,0.0,0.0,0.0,1,0
12,4,40,3.585,2.0,4.1964,0.0889,11,0
28,18,0,3.9677,3.5724,0.0,0.0,8,0
30,20,0,4.1232,3.9219,0.0,0.1212,15,1
19,9,40,3.3919,2.9477,4.2464,0.0351,11,0
1,0,0,-0.0,0.0,0.0,0.0,1,0
15,8,0,3.3232,2.75,0.0,0.0,4,0
19,8,40,3.6819,3.0,4.4153,0.0364,12,0
5,0,34,2.3219,0.0,4.1163,0.0714,8,1
16,6,40,3.875,2.585,4.0037,0.0784,11,0
17,9,40,3.4548,2.9477,3.9939,0.0364,11,0
44,34,0,4.6069,4.3006,0.0,0.0769,18,1
22,8,0,3.9706,2.75,0.0,0.0,5,0
39,30,0,4.1117,3.7647,0.0,0.0889,24,1
41,31,0,4.2411,4.0826,0.0,0.1017,13,0
49,35,0,4.4665,4.3357,0.0,0.0,13,1
32,24,0,3.7303,3.4387,0.0,0.0,24,1
9,0,0,2.9477,0.0,0.0,0.0,1,0
19,11,0,3.8269,3.0958,0.0,0.1818,8,0
28,18,40,3.7265,3.3502,4.0776,0.1818,20,0
29,22,0,4.2113,3.8797,0.0,0.1538,12,0
34,24,0,4.0653,3.9183,0.0,0.0,8,0
8,6,40,3.0,2.585,4.2939,0.093,11,0
6,0,0,2.585,0.0,0.0,0.0,1,0
31,21,0,3.9134,3.5585,0.0,0.0,8,0
28,14,0,4.2359,3.6645,0.0,0.0606,9,0
63,57,0,4.8125,4.679,0.0,0.0435,16,1
20,10,0,3.5842,3.1219,0.0,0.0,4,0
37,27,0,4.2807,3.7043,0.0,0.4783,18,1
24,22,0,4.0221,3.8454,0.0,0.3333,16,1
29,18,0,4.0213,3.3502,0.0,0.1765,13,0
14,4,0,3.0391,2.0,0.0,0.1538,5,0
8,0,40,3.0,0.0,4.1939,0.05,8,0
39,33,0,3.601,3.384,0.0,0.0,34,1
6,0,0,2.585,0.0,0.0,0.0,1,0
36,26,0,3.8984,3.5654,0.0,0.0,12,0
12,5,0,3.585,2.3219,0.0,0.3077,4,0
29,23,40,4.1592,3.969,4.1653,0.0519,15,0
31,23,0,3.7844,3.5342,0.0,0.0,8,0
18,9,0,3.7255,2.9477,0.0,0.0,4,0
43,33,0,4.4495,4.2942,0.0,0.04,18,1
37,30,0,4.4224,4.1614,0.0,0.0426,16,1
38,36,0,3.6251,3.4569,0.0,0.25,18,1
31,24,0,3.8213,3.4387,0.0,0.0,24,1
44,30,0,4.5555,4.1614,0.0,0.0377,17,1
5,0,0,2.3219,0.0,0.0,0.0,1,0
42,35,0,4.4929,4.3357,0.0,0.0,12,1
24,16,0,3.8868,3.75,0.0,0.0,4,0
32,30,0,3.9292,3.7647,0.0,0.1053,24,1
30,20,0,4.1232,3.9219,0.0,0.1212,15,1
25,16,0,4.0537,3.625,0.0,0.0606,8,0
67,57,0,4.838,4.679,0.0,0.0417,16,1
46,36,0,3.7588,3.4569,0.0,0.2222,19,1
22,13,0,4.0049,3.5466,0.0,0.1481,8,0
6,0,0,2.585,0.0,0.0,0.0,1,0
43,33,0,3.8521,3.384,0.0,0.0,34,1
40,30,0,4.2118,4.1614,0.0,0.04,16,1
38,31,0,4.1486,3.8245,0.0,0.0,14,1
40,30,0,4.1726,3.7996,0.0,0.5283,17,1
33,22,0,4.3549,3.6978,0.0,0.125,19,1
37,23,40,4.3915,3.969,4.1251,0.0476,16,0
47,41,0,4.4509,4.1411,0.0,0.1714,18,1
18,8,0,3.6144,2.75,0.0,0.0,4,0
48,38,0,4.427,4.0682,0.0,0.3714,16,1
44,38,0,4.3951,4.0682,0.0,0.3939,16,1
29,22,0,4.3232,3.8454,0.0,0.2759,16,1
17,6,40,3.6169,2.585,4.1628,0.0784,12,0
19,9,40,3.3661,2.9477,3.9939,0.0357,12,0
41,33,0,4.1899,4.0667,0.0,0.0,26,1
41,31,0,4.0913,3.8245,0.0,0.0,14,1
11,9,0,3.4594,3.1699,0.0,0.0,4,0
38,28,40,4.1357,3.8154,4.3342,0.069,19,0
31,21,0,3.7049,3.5585,0.0,0.0,8,0
12,4,0,3.585,2.0,0.0,0.1667,4,0
13,0,0,3.5466,0.0,0.0,0.0,2,0
32,23,40,4.0778,3.6753,4.0939,0.0789,19,0
41,27,0,4.2715,3.9121,0.0,0.0727,13,0
29,27,0,4.0473,3.9582,0.0,0.0526,18,1
26,15,0,3.7193,3.3736,0.0,0.0,5,0
16,6,0,3.875,2.585,0.0,0.1111,4,0
40,30,0,4.3414,3.7996,0.0,0.5185,16,1
27,19,0,4.1343,3.8924,0.0,0.0526,8,0
32,30,0,3.9292,3.7647,0.0,0.1053,24,1
33,24,0,4.3171,3.9702,0.0,0.0,14,1
25,19,0,3.6431,3.2211,0.0,0.0,8,0
37,31,0,4.1008,3.8245,0.0,0.0,14,1
13,0,0,3.5466,0.0,0.0,0.0,2,0
19,12,0,4.0374,3.4183,0.0,0.2609,8,0
32,22,40,4.1639,3.8797,4.2531,0.0526,16,0
33,24,0,4.3171,3.9702,0.0,0.0,14,1
38,30,0,4.1883,3.7647,0.0,0.0909,24,1
40,33,40,3.9587,3.7297,4.2842,0.0217,19,0
30,21,0,3.9647,3.4633,0.0,0.2051,12,0
13,0,48,3.5466,0.0,4.2563,0.0204,12,1
42,32,0,4.0736,3.8667,0.0,0.0328,13,0
44,34,0,4.0555,3.8,0.0,0.0,13,0
32,22,0,4.3903,3.8454,0.0,0.25,16,1
26,16,0,3.9462,3.75,0.0,0.0,5,0
19,9,0,3.3919,2.9477,0.0,0.0,4,0
7,0,55,2.8074,0.0,4.4798,0.25,10,1
11,9,0,3.2776,2.9477,0.0,0.0,4,0
14,8,40,3.5216,2.75,4.1939,0.0392,11,0
63,57,0,4.8125,4.679,0.0,0.0435,16,1
9,0,0,2.9477,0.0,0.0,0.0,1,0
41,27,0,4.4218,3.7043,0.0,0.449,19,1
6,0,0,2.585,0.0,0.0,0.0,1,0
7,0,47,2.8074,0.0,4.3901,0.3182,10,1
39,33,0,3.601,3.384,0.0,0.0,34,1
37,29,0,4.7566,4.4871,0.0,0.1905,18,1
26,24,0,3.5035,3.4387,0.0,0.0,24,1
27,21,0,3.9582,3.4992,0.0,0.0,10,1
41,30,0,4.1804,3.7647,0.0,0.087,25,1
40,30,0,4.1276,3.7647,0.0,0.0889,25,1
20,14,0,3.6842,3.3788,0.0,0.0769,8,0
45,35,0,4.3916,4.3357,0.0,0.0,12,1
33,23,0,3.9802,3.7951,0.0,0.0,9,0
48,40,0,4.0663,3.9185,0.0,0.0,12,0
29,19,0,3.9354,3.4714,0.0,0.0,8,0
40,30,0,4.0464,3.7647,0.0,0.087,24,1
41,31,0,3.9913,3.8245,0.0,0.0,14,1
25,15,40,3.8937,3.4566,4.0471,0.0299,11,0
9,0,40,2.9477,0.0,4.2128,0.0488,8,0
28,22,0,4.1375,3.6978,0.0,0.1429,18,1
19,12,40,3.7871,3.085,4.2153,0.0714,15,0
17,7,40,3.5725,2.8074,4.2226,0.0377,11,0
13,0,0,3.5466,0.0,0.0,0.0,2,0
39,28,0,4.2143,3.9947,0.0,0.1111,13,0
6,0,0,2.585,0.0,0.0,0.0,1,0
14,8,0,3.5216,3.0,0.0,0.0,4,0
44,33,0,3.703,3.384,0.0,0.0,35,1
14,4,0,3.6645,2.0,0.0,0.1429,4,0
1,0,55,-0.0,0.0,4.4798,0.2826,10,1
10,0,0,2.9219,0.0,0.0,0.0,2,0
39,29,0,3.9579,3.6673,0.0,0.0,12,0
44,34,0,4.6524,4.3594,0.0,0.0784,19,1
26,24,0,3.8441,3.6573,0.0,0.1053,12,0
6,4,40,2.585,2.0,4.2842,0.1026,11,0
39,33,40,4.0453,3.8094,3.9464,0.0215,19,0
23,13,0,3.4642,2.9312,0.0,0.1481,9,0
32,22,0,4.0542,3.6978,0.0,0.125,18,1
34,24,0,3.7382,3.4387,0.0,0.0,24,1
33,26,0,3.8997,3.5843,0.0,0.0426,12,0
34,24,0,3.8337,3.4387,0.0,0.0,24,1
12,6,0,3.585,2.585,0.0,0.4286,4,0
37,31,40,3.9927,3.7166,4.2251,0.0215,15,0
47,37,40,3.989,3.733,4.2842,0.019,19,0
9,0,0,2.4194,0.0,0.0,0.0,2,0
44,33,0,4.3088,4.0667,0.0,0.0,27,1
64,57,0,4.8785,4.679,0.0,0.043,16,1
9,0,0,2.4194,0.0,0.0,0.0,2,0
19,12,0,3.9321,3.4183,0.0,0.2609,8,0
26,24,0,4.1329,3.9702,0.0,0.0,14,1
9,0,40,2.4194,0.0,4.2751,0.05,9,0
15,5,0,3.1899,2.3219,0.0,0.2667,5,0
28,22,40,3.9677,3.6412,4.0751,0.0533,15,0
32,22,0,4.3278,3.8454,0.0,0.25,16,1
39,33,0,4.3555,4.0667,0.0,0.0,26,1
9,0,0,2.9477,0.0,0.0,0.0,1,0
39,25,0,4.1756,3.6235,0.0,0.0,13,0
37,27,0,4.2807,3.7043,0.0,0.4783,18,1
29,21,40,4.0213,3.6897,4.2153,0.0845,19,0
42,33,0,3.6558,3.384,0.0,0.0,34,1
42,34,0,3.8176,3.635,0.0,0.0,12,0
32,21,0,4.1761,3.8209,0.0,0.0,9,1
37,27,0,4.2807,3.7043,0.0,0.4783,18,1
32,30,0,3.9292,3.7647,0.0,0.1053,24,1
14,4,0,3.3788,2.0,0.0,0.1429,4,0
13,4,40,3.5466,2.0,4.3128,0.087,11,0
33,19,0,4.2714,3.6819,0.0,0.1026,13,0
6,0,0,2.585,0.0,0.0,0.0,1,0
38,28,0,4.1158,4.0391,0.0,0.037,12,0
44,35,0,4.4646,4.3357,0.0,0.0,12,1
31,21,0,4.3216,3.8209,0.0,0.0,8,1
36,30,0,4.2472,3.7996,0.0,0.56,16,1
32,23,0,4.3903,4.1757,0.0,0.0513,16,1
42,35,0,4.4929,4.3357,0.0,0.0,12,1
31,21,0,3.9378,3.6538,0.0,0.1538,13,0
39,29,0,4.8045,4.4871,0.0,0.1818,18,1
22,8,40,3.9706,2.75,4.3653,0.0345,12,0
40,33,0,3.5797,3.384,0.0,0.0,34,1
38,28,0,4.2012,4.1106,0.0,0.0741,12,0
29,27,0,4.0044,3.838,0.0,0.0417,8,0
37,31,0,4.1008,3.8245,0.0,0.0,14,1
37,27,0,4.0468,3.9582,0.0,0.0444,19,1
20,9,40,3.6464,2.9477,4.0251,0.0351,12,0
6,4,40,2.585,2.0,4.2653,0.1026,11,0
29,19,40,3.7975,3.5766,4.1464,0.0278,16,0
6,0,47,2.585,0.0,4.3901,0.3256,10,1
19,17,0,3.7871,3.5725,0.0,0.0714,8,0
26,24,0,4.1329,3.9702,0.0,0.0,14,1
19,9,0,3.7216,2.281,0.0,0.2,8,0
31,29,0,4.0826,3.9263,0.0,0.0,8,0
26,20,0,3.7381,3.3464,0.0,0.0,8,0
30,20,0,4.1647,3.9219,0.0,0.1176,14,1
33,23,0,4.2714,4.1757,0.0,0.05,16,1
16,5,0,3.75,2.3219,0.0,0.25,5,0
18,8,40,3.4613,2.75,4.3653,0.0364,11,0
13,0,39,3.5466,0.0,3.9772,0.0,12,1
35,24,0,3.8214,3.4387,0.0,0.0,25,1
22,16,0,3.9706,3.75,0.0,0.0,4,0
44,30,0,4.311,3.7647,0.0,0.0816,25,1
35,21,0,4.2973,3.4992,0.0,0.0,11,1
44,30,0,4.5555,4.1614,0.0,0.0377,17,1
26,24,0,4.1329,3.9702,0.0,0.0,14,1
40,30,0,4.0464,3.7647,0.0,0.087,24,1
39,30,0,4.1117,3.7647,0.0,0.0889,24,1
46,32,40,4.2162,3.7806,4.3842,0.0408,20,0
19,5,0,3.9321,2.3219,0.0,0.2105,5,0
6,0,0,2.585,0.0,0.0,0.0,1,0
24,22,0,4.0221,3.8454,0.0,0.3333,16,1
43,33,0,3.8521,3.384,0.0,0.0,34,1
32,24,0,4.2889,3.9702,0.0,0.0,14,1
67,57,0,4.8194,4.679,0.0,0.0417,16,1
40,30,0,4.0653,3.7647,0.0,0.087,24,1
9,0,0,3.1699,0.0,0.0,0.0,1,0
6,0,40,2.585,0.0,3.9257,0.0526,8,0
5,0,0,2.3219,0.0,0.0,0.0,1,0
40,30,0,4.4464,4.1614,0.0,0.04,16,1
15,8,0,3.3736,2.75,0.0,0.0,4,0
7,0,40,2.8074,0.0,4.1342,0.0513,8,0
35,25,40,3.9789,3.7533,4.2276,0.0494,19,0
33,27,0,4.1849,3.7043,0.0,0.5238,18,1
40,30,0,4.4128,4.1614,0.0,0.0408,17,1
45,34,0,4.7807,4.3594,0.0,0.0769,19,1
33,22,0,4.4532,3.8454,0.0,0.25,17,1
38,24,0,3.9381,3.4387,0.0,0.0,25,1
28,20,0,4.1375,3.6842,0.0,0.2222,12,0
34,24,0,4.1607,3.835,0.0,0.0,8,0
10,0,0,2.9219,0.0,0.0,0.0,2,0
30,20,0,4.1232,3.9219,0.0,0.1212,15,1
36,26,0,4.0487,3.7483,0.0,0.0408,13,0
37,27,0,4.2293,3.9582,0.0,0.0435,18,1
38,31,0,4.1486,3.8245,0.0,0.0,14,1
40,30,0,4.4128,4.1614,0.0,0.0408,17,1
47,38,0,4.0965,3.8291,0.0,0.0,12,0
39,33,0,4.3555,4.0667,0.0,0.0,26,1
33,24,0,3.7755,3.4387,0.0,0.0,24,1
30,23,0,4.3232,4.1757,0.0,0.0541,16,1
28,21,0,4.107,3.8209,0.0,0.0,8,1
5,0,55,2.3219,0.0,4.4798,0.26,10,1
14,4,0,3.3788,2.0,0.0,0.1429,4,0
32,22,0,4.2889,3.6978,0.0,0.125,18,1
39,31,0,4.0091,3.8245,0.0,0.0,14,1
21,11,40,3.7849,3.2776,4.0226,0.1053,15,0
32,24,0,3.7303,3.4387,0.0,0.0,24,1
6,0,0,2.585,0.0,0.0,0.0,1,0
41,34,0,4.6866,4.3594,0.0,0.0816,18,1
41,27,0,4.3083,3.9582,0.0,0.0408,19,1
41,30,0,4.4218,4.1614,0.0,0.04,17,1
44,33,0,4.2656,4.0896,0.0,0.0,13,0
8,0,0,3.0,0.0,0.0,0.0,1,0
41,35,0,4.473,4.3357,0.0,0.0,12,1
41,27,40,4.2387,3.838,4.1562,0.0435,16,0
18,4,0,3.8366,2.0,0.0,0.1176,5,0
67,57,0,4.838,4.679,0.0,0.0417,16,1
15,8,0,3.3232,2.75,0.0,0.0,4,0
40,33,0,3.5797,3.384,0.0,0.0,34,1
35,21,0,4.3544,3.8209,0.0,0.0,9,1
36,29,40,4.0169,3.8144,4.2251,0.0222,15,0
34,23,0,4.4404,4.1757,0.0,0.125,9,0
5,0,0,2.3219,0.0,0.0,0.0,1,0
17,8,40,3.5725,2.75,3.9562,0.037,11,0
31,20,0,3.9134,3.5464,0.0,0.0,5,0
36,29,0,4.7601,4.4182,0.0,0.1951,18,1
26,16,0,3.8731,3.75,0.0,0.0,4,0
47,36,0,3.9402,3.7045,0.0,0.0,9,0
33,23,0,4.162,3.7081,0.0,0.0,12,1
9,0,0,2.7255,0.0,0.0,0.0,1,0
20,10,0,3.5842,3.1219,0.0,0.0,5,0
43,33,0,4.1359,4.0667,0.0,0.0,26,1
30,21,0,3.9484,3.4992,0.0,0.0,10,1
31,22,0,4.3248,3.8454,0.0,0.2581,16,1
39,28,0,3.9679,3.7709,0.0,0.0,13,0
38,31,40,4.2512,4.0023,4.3653,0.0667,19,0
31,23,0,4.3492,4.1757,0.0,0.0526,16,1
19,8,0,3.4316,2.75,0.0,0.0,5,0
19,9,0,3.3919,2.9477,0.0,0.0,4,0
5,0,40,2.3219,0.0,4.1751,0.0541,8,0
39,33,0,4.0259,3.8323,0.0,0.0,8,0
32,21,0,3.9886,3.4992,0.0,0.0,11,1
41,34,0,4.705,4.3594,0.0,0.0816,18,1
35,25,0,4.1719,3.9737,0.0,0.0833,12,0
47,37,0,4.2381,4.0573,0.0,0.0278,12,0
32,22,0,4.1556,3.8454,0.0,0.25,16,1
11,4,40,3.2776,2.0,4.0842,0.0909,11,0
32,30,0,3.9619,3.7996,0.0,0.6087,16,1
13,0,39,3.5466,0.0,3.9772,0.0,12,1
45,31,40,4.4025,4.1069,4.3531,0.0625,20,0
43,33,0,4.1359,4.0667,0.0,0.0,26,1
42,34,0,3.8721,3.6794,0.0,0.0,12,0
30,23,0,4.0817,3.7081,0.0,0.0,12,1
55,46,0,4.1651,4.0152,0.0,0.0,12,0
8,0,40,3.0,0.0,4.1439,0.05,8,0
26,16,0,4.1329,3.75,0.0,0.0,4,0
16,6,0,3.75,2.585,0.0,0.1111,4,0
9,0,0,2.9477,0.0,0.0,0.0,1,0
13,0,0,3.5466,0.0,0.0,0.0,2,0
24,17,0,4.1368,3.7345,0.0,0.1818,8,0
40,30,0,4.0653,3.7647,0.0,0.087,24,1
65,57,0,4.7933,4.679,0.0,0.0426,16,1
38,30,0,4.1883,3.7647,0.0,0.0909,24,1
9,0,0,2.9477,0.0,0.0,0.0,1,0
9,0,40,2.9477,0.0,4.0964,0.0488,8,0
33,23,0,4.0179,3.7081,0.0,0.0,13,1
32,24,0,3.7303,3.4387,0.0,0.0,24,1
23,13,0,3.7623,3.3927,0.0,0.0714,8,0
19,5,0,3.9321,2.3219,0.0,0.2105,5,0
55,45,40,4.2701,4.1191,4.2653,0.0168,19,0
9,0,40,3.1699,0.0,4.1037,0.0488,8,0
66,56,0,4.7977,4.6328,0.0,0.0213,16,1
46,32,0,4.3196,4.0153,0.0,0.0615,13,0
15,5,0,3.7736,2.3219,0.0,0.25,4,0
31,29,0,4.0826,3.9263,0.0,0.0,8,0
8,0,40,3.0,0.0,4.1439,0.05,8,0
13,0,40,3.5466,0.0,4.0062,0.0455,9,0
27,21,40,4.0323,3.6538,4.1939,0.058,19,0
44,34,0,4.5049,4.3594,0.0,0.0769,18,1
33,24,0,4.3171,3.9702,0.0,0.0,14,1
36,30,0,4.0305,3.7647,0.0,0.0952,24,1
26,24,0,4.056,3.8868,0.0,0.0,8,0
29,27,0,3.8799,3.7043,0.0,0.5789,18,1
39,30,0,4.1117,3.7647,0.0,0.0889,24,1
35,33,0,3.4454,3.384,0.0,0.0,34,1
57,47,0,4.0876,3.9072,0.0,0.0,12,0
6,0,48,2.585,0.0,4.2563,0.0233,11,1
5,0,40,2.3219,0.0,4.1464,0.0541,8,0
30,23,0,4.0817,3.6753,0.0,0.0488,12,0
38,24,0,4.5214,3.9702,0.0,0.0,15,1
41,31,0,4.3083,4.0266,0.0,0.0333,12,0
31,29,0,3.9292,3.7623,0.0,0.0,12,0
30,22,0,4.0566,3.6978,0.0,0.1333,18,1
28,17,0,3.9947,3.6169,0.0,0.0,9,0
38,31,0,4.1486,3.8245,0.0,0.0,14,1
33,23,0,4.4155,4.1757,0.0,0.05,16,1
55,45,0,4.1514,4.0031,0.0,0.0,12,0
31,21,0,3.9905,3.4992,0.0,0.0,10,1
40,29,0,4.8531,4.4182,0.0,0.1818,19,1
30,24,0,3.7777,3.4387,0.0,0.0,24,1
15,13,0,3.7736,3.5466,0.0,0.2,8,0
25,15,0,4.0039,3.3232,0.0,0.0625,8,0
45,35,40,4.3027,4.1643,4.1087,0.0594,19,0
27,17,40,3.764,2.911,3.9848,0.0294,16,0
7,0,40,2.8074,0.0,4.1939,0.0513,8,0
45,38,0,4.4068,4.0682,0.0,0.3881,16,1
43,33,0,4.2075,4.0518,0.0,0.0317,13,0
32,22,0,4.2264,3.6978,0.0,0.125,18,1
41,30,0,4.1804,3.7647,0.0,0.087,25,1
41,31,0,4.0609,3.8245,0.0,0.0,14,1
38,36,0,3.6251,3.4569,0.0,0.25,18,1
6,0,48,2.585,0.0,4.2563,0.0233,11,1
36,30,0,4.3401,4.1614,0.0,0.0435,16,1
38,27,40,4.2012,3.9303,4.2939,0.0471,20,0
46,35,0,4.5263,4.3357,0.0,0.0,13,1
37,27,0,4.0237,3.9582,0.0,0.0435,18,1
46,35,0,4.5263,4.3357,0.0,0.0,13,1
37,30,0,4.0468,3.7647,0.0,0.093,24,1
43,35,0,4.4434,4.3357,0.0,0.0,12,1
37,27,0,4.0981,3.7043,0.0,0.4889,19,1
34,24,0,4.147,3.9702,0.0,0.0,15,1
41,30,0,4.3571,4.1899,0.0,0.0714,13,0
10,0,0,2.9219,0.0,0.0,0.0,2,0
31,23,0,4.1155,3.9149,0.0,0.0,8,0
13,0,40,3.5466,0.0,4.2062,0.0455,9,0
67,57,0,4.8103,4.679,0.0,0.0421,17,1
10,0,40,2.9219,0.0,4.2939,0.0488,9,0
41,35,0,4.473,4.3357,0.0,0.0,12,1
13,6,0,3.5466,2.585,0.0,0.4,4,0
34,20,40,4.0797,3.5464,4.2128,0.0244,12,0
1,0,0,-0.0,0.0,0.0,0.0,1,0
6,0,0,2.585,0.0,0.0,0.0,1,0
6,0,40,2.585,0.0,4.1348,0.0526,8,0
39,29,0,4.0579,3.7454,0.0,0.0,13,0
16,10,0,3.625,3.1219,0.0,0.0,4,0
32,21,0,4.1761,3.8209,0.0,0.0,9,1
39,28,40,4.1285,3.8963,4.1348,0.022,16,0
12,6,0,3.4183,2.585,0.0,0.1429,4,0
36,22,0,4.3712,3.6978,0.0,0.1143,19,1
25,15,40,4.1639,3.7736,4.2964,0.0923,15,0
30,21,0,4.2151,3.7849,0.0,0.0,8,0
36,30,0,4.0305,3.7647,0.0,0.0952,24,1
22,8,0,3.914,2.75,0.0,0.0,5,0
19,12,0,4.0374,3.4183,0.0,0.2609,8,0
39,30,0,4.1117,3.7647,0.0,0.0889,24,1
28,21,0,3.9502,3.4992,0.0,0.0,10,1
29,19,40,3.8404,3.4714,4.0135,0.0274,15,0
40,30,0,4.0464,3.7647,0.0,0.087,24,1
30,24,0,3.7777,3.4387,0.0,0.0,24,1
9,0,48,2.9477,0.0,4.2563,0.0217,11,1
16,6,0,3.875,2.585,0.0,0.1111,4,0
11,9,0,3.0958,2.7255,0.0,0.0,4,0
17,15,0,3.8522,3.6402,0.0,0.0,8,0
29,20,0,4.3492,3.9219,0.0,0.1212,14,1
7,0,0,2.8074,0.0,0.0,0.0,1,0
36,29,0,4.8156,4.4871,0.0,0.1951,18,1
32,22,0,4.1167,3.8797,0.0,0.1429,12,0
42,35,0,4.4929,4.3357,0.0,0.0,12,1
31,20,0,4.5026,3.9219,0.0,0.1176,15,1
33,24,0,3.7755,3.4387,0.0,0.0,24,1
47,37,0,3.9954,3.9387,0.0,0.0556,12,0
40,30,0,4.4128,4.1614,0.0,0.0408,17,1
16,6,40,3.25,2.585,4.1251,0.08,12,0
1,0,0,-0.0,0.0,0.0,0.0,1,0
9,0,40,2.7255,0.0,4.1939,0.0488,8,0
37,30,0,4.1753,3.7647,0.0,0.093,24,1
41,27,40,4.2595,3.8842,4.1848,0.0217,16,0
30,24,0,3.7777,3.4387,0.0,0.0,24,1
40,30,0,4.3414,3.7996,0.0,0.5185,16,1
39,28,0,4.1504,3.8249,0.0,0.0,9,0
30,20,0,4.2817,3.9219,0.0,0.1176,14,1
19,10,0,3.6819,3.1219,0.0,0.0,4,0
16,9,0,3.75,2.9477,0.0,0.0,4,0
9,0,0,2.7255,0.0,0.0,0.0,1,0
10,0,0,2.9219,0.0,0.0,0.0,2,0
40,29,0,3.9776,3.6933,0.0,0.0714,13,0
35,29,40,3.9217,3.6244,4.0751,0.0225,15,0
13,0,0,3.5466,0.0,0.0,0.0,2,0
42,35,0,4.4516,4.3357,0.0,0.0,12,1
35,33,0,3.4454,3.384,0.0,0.0,34,1
25,15,0,4.0839,3.6402,0.0,0.0625,8,0
10,4,0,3.3219,2.0,0.0,0.2,4,0
36,25,0,4.1835,3.8635,0.0,0.0,9,0
12,4,40,3.585,2.0,4.1153,0.0889,11,0
17,6,40,3.6169,2.585,4.1251,0.0784,12,0
34,24,0,3.6206,3.3554,0.0,0.0435,12,0
31,21,0,4.3216,3.8209,0.0,0.0,8,1
30,23,0,4.0817,3.7081,0.0,0.0,12,1
33,23,0,3.87,3.6753,0.0,0.0455,12,0
34,24,0,3.7382,3.4387,0.0,0.0,24,1
10,0,40,2.9219,0.0,4.0653,0.0488,9,0
30,20,0,3.7647,3.4464,0.0,0.1081,13,0
10,0,0,2.9219,0.0,0.0,0.0,2,0
10,0,0,2.9219,0.0,0.0,0.0,2,0
37,31,0,4.1008,3.8245,0.0,0.0,14,1
5,0,0,2.3219,0.0,0.0,0.0,1,0
43,29,0,4.8971,4.4871,0.0,0.1702,19,1
16,9,0,3.4528,2.9477,0.0,0.0,4,0
45,34,0,4.7807,4.3594,0.0,0.0769,19,1
6,0,40,2.585,0.0,4.1562,0.0526,8,0
33,23,0,4.0179,3.7081,0.0,0.0,13,1
26,17,0,3.921,3.3372,0.0,0.0,8,0
30,22,40,4.4151,4.0615,4.1153,0.137,19,0
49,38,0,4.2978,4.096,0.0,0.0541,13,0
37,30,0,4.0468,3.7647,0.0,0.093,24,1
13,0,55,3.5466,0.0,4.4798,0.2281,11,1
13,0,0,3.5466,0.0,0.0,0.0,2,0
43,33,0,4.1359,4.0667,0.0,0.0,26,1
33,27,0,4.1849,3.7043,0.0,0.5238,18,1
41,33,0,4.1899,4.0667,0.0,0.0,26,1
35,27,0,4.1934,4.0323,0.0,0.1111,8,0
9,0,40,2.7255,0.0,4.2628,0.0488,8,0
15,5,0,3.7736,2.3219,0.0,0.0,4,0
24,14,0,3.9183,3.4677,0.0,0.0,4,0
50,41,0,4.3717,4.1411,0.0,0.1644,18,1
7,0,40,2.8074,0.0,4.1628,0.0513,8,0
33,22,0,4.4532,3.8454,0.0,0.25,17,1
33,23,40,4.0518,3.6212,4.2062,0.025,16,0
28,22,0,4.1375,3.6978,0.0,0.1429,18,1
6,0,40,2.585,0.0,4.3031,0.0526,8,0
15,5,0,3.5069,2.3219,0.0,0.0,4,0
30,20,0,4.3484,3.9219,0.0,0.1176,14,1
31,21,0,4.0392,3.8209,0.0,0.0,9,1
21,7,40,4.0114,2.8074,4.2964,0.0357,12,0
34,20,0,3.9254,3.4464,0.0,0.0,9,0
8,0,34,3.0,0.0,4.1163,0.0645,8,1
1,0,47,-0.0,0.0,4.3901,0.3684,10,1
7,0,40,2.8074,0.0,4.1087,0.0513,8,0
26,15,0,3.7193,3.3736,0.0,0.0,5,0
44,30,0,4.5555,4.1614,0.0,0.0377,17,1
65,57,0,4.7933,4.679,0.0,0.0426,16,1
10,0,40,2.9219,0.0,4.0776,0.0488,9,0
59,57,0,4.7678,4.679,0.0,0.0455,16,1
39,33,0,3.601,3.384,0.0,0.0,34,1
32,21,0,3.9886,3.4992,0.0,0.0,11,1
31,23,0,4.0424,3.7081,0.0,0.0,12,1
27,17,0,4.0882,3.7345,0.0,0.0,8,0
64,57,0,4.8473,4.679,0.0,0.043,16,1
18,10,40,3.5724,3.1219,4.1964,0.0351,11,0
27,20,0,4.3104,3.9219,0.0,0.129,14,1
40,33,0,3.5797,3.384,0.0,0.0,34,1
8,0,40,3.0,0.0,4.2342,0.05,8,0
39,33,0,3.601,3.384,0.0,0.0,34,1
27,20,0,4.3104,3.9219,0.0,0.129,14,1
35,24,0,4.376,3.9702,0.0,0.0,15,1
5,0,48,2.3219,0.0,4.2563,0.0238,11,1
39,29,40,4.0798,3.8404,4.1628,0.0227,20,0
36,30,0,4.2472,3.7996,0.0,0.56,16,1
26,24,0,4.1329,3.9702,0.0,0.0,14,1
27,20,0,4.3104,3.9219,0.0,0.129,14,1
10,0,0,2.9219,0.0,0.0,0.0,2,0
14,5,0,3.8074,2.3219,0.0,0.0,4,0
44,33,0,4.3088,4.0667,0.0,0.0,27,1
31,23,40,3.889,3.6212,4.3653,0.0253,15,0
31,20,0,4.236,3.7842,0.0,0.1579,13,0
8,0,40,3.0,0.0,4.1439,0.05,8,0
32,21,0,3.9886,3.4992,0.0,0.0,11,1
9,0,0,2.9477,0.0,0.0,0.0,1,0
39,30,0,4.1604,3.8314,0.0,0.0351,12,0
9,0,39,2.9477,0.0,3.9772,0.0,11,1
32,22,0,4.0306,3.8797,0.0,0.0455,8,0
34,24,0,3.7382,3.4387,0.0,0.0,24,1
28,20,0,4.2359,3.9219,0.0,0.125,14,1
33,23,0,3.8212,3.7081,0.0,0.0,12,1
8,0,55,3.0,0.0,4.4798,0.2453,10,1
34,27,0,4.1356,3.7043,0.0,0.5116,18,1
28,20,0,4.2359,3.9219,0.0,0.125,14,1
9,0,0,2.7255,0.0,0.0,0.0,1,0
9,0,0,2.9477,0.0,0.0,0.0,1,0
11,4,40,3.2776,2.0,4.0348,0.0909,11,0
22,16,0,3.9706,3.75,0.0,0.0,4,0
41,30,0,4.1923,3.8566,0.0,0.0357,13,0
32,21,0,4.2028,3.6538,0.0,0.1,13,0
20,18,0,3.4219,3.1699,0.0,0.0,8,0
19,8,0,3.4316,2.75,0.0,0.0,5,0
37,35,0,4.4588,4.3357,0.0,0.0,12,1
39,29,0,4.6119,4.4182,0.0,0.1818,18,1
11,5,0,3.4594,2.3219,0.0,0.0,4,0
28,22,0,4.2534,3.8454,0.0,0.2857,16,1
28,21,0,3.9502,3.4992,0.0,0.0,10,1
43,33,0,3.6774,3.384,0.0,0.0,34,1
13,0,0,3.5466,0.0,0.0,0.0,2,0
11,4,40,3.4594,2.0,4.1251,0.0909,11,0
28,14,40,4.1375,3.3788,4.1251,0.0606,16,0
9,0,48,3.1699,0.0,4.2563,0.0217,11,1
25,15,40,3.9737,3.5069,3.9276,0.0923,15,0
22,15,40,4.0049,3.5069,4.0964,0.0645,15,0
32,24,0,3.965,3.7202,0.0,0.0455,12,0
64,57,0,4.8473,4.679,0.0,0.043,16,1
31,21,0,4.1037,4.0114,0.0,0.0465,9,0
35,33,0,4.1503,4.0667,0.0,0.0,26,1
41,27,0,4.3083,3.9582,0.0,0.0408,19,1
34,24,0,3.8559,3.4387,0.0,0.0,24,1
32,24,0,4.2889,3.9702,0.0,0.0,14,1
28,22,0,4.182,3.9706,0.0,0.1579,12,0
9,0,0,2.7255,0.0,0.0,0.0,1,0
37,23,0,4.52,4.1757,0.0,0.0465,17,1
33,23,40,4.0815,3.7951,4.2439,0.0247,15,0
15,4,40,3.6402,2.0,4.2439,0.0851,12,0
31,21,0,4.1471,3.8802,0.0,0.2,12,0
48,38,0,3.895,3.5788,0.0,0.0,12,0
45,38,0,4.4068,4.0682,0.0,0.3881,16,1
13,0,40,3.5466,0.0,4.1939,0.0455,9,0
43,33,0,3.8521,3.384,0.0,0.0,34,1
41,31,0,3.9913,3.8245,0.0,0.0,14,1
67,57,0,4.8194,4.679,0.0,0.0417,16,1
37,30,0,4.0468,3.7647,0.0,0.093,24,1
48,41,0,4.3874,4.1411,0.0,0.169,18,1
48,41,0,4.3874,4.1411,0.0,0.169,18,1
41,27,0,4.3083,3.9582,0.0,0.0408,19,1
34,23,0,4.1134,3.7081,0.0,0.0,13,1
27,21,0,3.9862,3.8209,0.0,0.0,8,1
18,11,0,3.9477,3.2776,0.0,0.1905,8,0
22,20,0,3.7544,3.5464,0.0,0.0,4,0
37,27,0,4.0237,3.9582,0.0,0.0435,18,1
28,20,0,4.0391,3.6842,0.0,0.1667,12,0
45,35,0,4.4193,4.3357,0.0,0.0,12,1
15,9,0,3.5069,3.1699,0.0,0.0,4,0
43,33,0,4.3129,4.0667,0.0,0.0,26,1
9,0,0,2.4194,0.0,0.0,0.0,2,0
23,12,0,4.0888,3.4183,0.0,0.2308,9,0
47,33,0,3.8942,3.384,0.0,0.0,35,1
6,0,40,2.585,0.0,4.066,0.0526,8,0
48,34,0,4.7721,4.3594,0.0,0.0727,19,1
35,24,40,4.1147,3.6887,4.2251,0.0506,20,0
44,30,0,4.311,3.7647,0.0,0.0816,25,1
13,0,0,3.5466,0.0,0.0,0.0,2,0
7,0,34,2.8074,0.0,4.1163,0.0667,8,1
42,31,40,4.2369,4.0668,4.1439,0.043,20,0
12,10,0,3.4183,3.1219,0.0,0.0,4,0
33,23,0,4.2455,4.1757,0.0,0.0513,17,1
22,20,0,4.1524,3.9842,0.0,0.1176,8,0
37,27,40,4.2701,4.0323,4.1439,0.0941,19,0
40,30,0,4.4128,4.1614,0.0,0.0408,17,1
39,25,0,4.0259,3.5133,0.0,0.0,9,0
28,22,0,4.1375,3.6978,0.0,0.1429,18,1
26,20,0,4.2389,3.9219,0.0,0.1333,14,1
37,30,0,4.0468,3.7647,0.0,0.093,24,1
48,38,0,4.2487,3.9977,0.0,0.027,12,0
37,28,0,4.3888,4.1375,0.0,0.0377,12,0
48,34,0,4.7721,4.3594,0.0,0.0727,19,1
20,9,0,3.8842,3.1699,0.0,0.0,5,0
14,4,40,3.6645,2.0,4.1939,0.0851,11,0
48,37,40,4.0226,3.7534,4.1251,0.019,20,0
46,36,0,3.8729,3.4569,0.0,0.2188,18,1
38,27,0,4.2211,3.9582,0.0,0.0435,19,1
30,20,0,3.9899,3.7842,0.0,0.1622,13,0
35,27,0,4.0931,3.9582,0.0,0.0455,18,1
47,36,0,3.9816,3.4569,0.0,0.2188,19,1
37,27,0,4.1753,3.9582,0.0,0.0435,18,1
44,30,0,4.311,3.7647,0.0,0.0816,25,1
39,29,0,4.7339,4.4871,0.0,0.186,19,1
32,30,0,3.9292,3.7647,0.0,0.1053,24,1
5,0,0,2.3219,0.0,0.0,0.0,1,0
9,0,0,2.9477,0.0,0.0,0.0,1,0
39,33,0,4.3555,4.0667,0.0,0.0,26,1
12,5,0,3.4183,2.3219,0.0,0.3077,4,0
49,38,0,4.5366,4.0682,0.0,0.3714,17,1
34,24,0,3.7382,3.4387,0.0,0.0,24,1
42,33,0,4.2728,4.0667,0.0,0.0,26,1
29,21,40,3.9094,3.5585,3.9873,0.0845,19,0
19,9,0,3.3919,2.9477,0.0,0.0,4,0
38,24,0,4.5214,3.9702,0.0,0.0,15,1
31,21,0,3.9905,3.4992,0.0,0.0,10,1
33,24,0,3.7755,3.4387,0.0,0.0,24,1
37,30,0,4.2035,3.7996,0.0,0.549,16,1
38,24,0,4.2936,3.8554,0.0,0.0816,13,0
35,25,0,3.9789,3.6733,0.0,0.0,12,0
34,27,40,4.1385,3.8842,4.2964,0.0233,15,0
33,23,0,3.8212,3.7081,0.0,0.0,12,1
39,30,0,4.1117,3.7647,0.0,0.0889,24,1
39,29,0,3.904,3.7194,0.0,0.0364,13,0
10,0,0,2.9219,0.0,0.0,0.0,2,0
59,45,0,4.2785,3.9332,0.0,0.0,13,0
31,23,0,3.9536,3.7951,0.0,0.0,8,0
33,26,0,4.173,3.9791,0.0,0.0,8,0
29,23,0,4.3492,4.1757,0.0,0.0556,16,1
32,24,0,4.2889,3.9702,0.0,0.0,14,1
34,24,0,3.8559,3.4387,0.0,0.0,24,1
29,21,0,4.1423,3.8209,0.0,0.0,8,1
34,20,0,4.4548,3.9219,0.0,0.1081,15,1
48,38,0,4.427,4.0682,0.0,0.3714,16,1
6,0,0,2.585,0.0,0.0,0.0,1,0
34,24,0,4.4297,3.9702,0.0,0.0,14,1
23,21,0,3.7951,3.5945,0.0,0.0909,18,1
37,27,0,4.1212,3.838,0.0,0.0357,8,0
29,22,0,4.1163,3.6978,0.0,0.1379,18,1
16,10,0,3.5,2.5219,0.0,0.3333,8,0
40,30,0,4.4464,4.1614,0.0,0.04,16,1
41,27,0,4.3083,3.9582,0.0,0.0408,19,1
16,6,40,3.75,2.585,4.1939,0.0784,11,0
23,9,40,3.882,2.9477,4.2128,0.0333,12,0
39,30,0,4.3681,4.1614,0.0,0.0408,16,1
45,35,0,4.4193,4.3357,0.0,0.0,12,1
13,0,48,3.5466,0.0,4.2563,0.0204,12,1
31,24,0,4.2084,3.9702,0.0,0.0,14,1
26,15,0,3.7193,3.3736,0.0,0.0,5,0
34,27,0,4.2417,3.9582,0.0,0.0465,18,1
28,22,0,4.0391,3.7544,0.0,0.1579,12,0
11,5,40,3.4594,2.3219,4.0939,0.1333,11,0
27,17,0,3.764,3.3372,0.0,0.0,8,0
9,0,0,3.1699,0.0,0.0,0.0,1,0
5,0,0,2.3219,0.0,0.0,0.0,1,0
28,21,0,4.0661,3.7849,0.0,0.0,8,0
31,21,0,4.0392,3.8209,0.0,0.0,8,1
34,23,0,3.9987,3.4144,0.0,0.0909,13,0
30,20,0,3.7078,3.5464,0.0,0.0,8,0
25,15,40,4.1639,3.7736,4.0964,0.0923,15,0
45,34,0,4.7807,4.3594,0.0,0.0769,19,1
37,30,0,4.1753,3.7647,0.0,0.093,24,1
34,23,0,4.2784,4.1757,0.0,0.05,17,1
40,34,0,4.6342,4.3594,0.0,0.0833,18,1
1,0,0,-0.0,0.0,0.0,0.0,1,0
40,30,40,4.1776,3.8729,4.1848,0.022,19,0
39,33,0,3.601,3.384,0.0,0.0,34,1
20,9,0,3.6464,2.9477,0.0,0.0,5,0
9,0,39,2.4194,0.0,3.9772,0.0,12,1
40,30,0,4.2342,3.7647,0.0,0.087,24,1
52,42,0,4.2287,3.9964,0.0,0.0,12,0
24,14,0,3.8868,3.4677,0.0,0.0,5,0
67,57,0,4.7685,4.679,0.0,0.0417,16,1
9,0,40,2.7255,0.0,4.2342,0.0488,8,0
31,21,0,4.0392,3.8209,0.0,0.0,8,1
31,21,0,4.0392,3.8209,0.0,0.0,8,1
33,26,0,4.0896,3.6714,0.0,0.0,12,0
41,30,0,4.1804,3.7647,0.0,0.087,25,1
9,0,0,3.1699,0.0,0.0,0.0,1,0
22,8,0,3.914,2.75,0.0,0.0,5,0
25,16,0,3.9737,3.5,0.0,0.0606,8,0
33,23,0,4.1879,3.969,0.0,0.0417,8,0
16,8,0,3.875,3.0,0.0,0.0,4,0
14,6,0,3.5216,2.585,0.0,0.125,4,0
25,23,0,3.8137,3.7081,0.0,0.0,12,1
32,23,0,4.3903,4.1757,0.0,0.0513,16,1
24,14,0,4.0016,3.3788,0.0,0.0667,8,0
28,14,0,4.1645,3.4677,0.0,0.0,5,0
39,30,0,4.1117,3.7647,0.0,0.0889,24,1
51,37,0,4.3583,4.0573,0.0,0.0267,13,0
9,0,39,2.4194,0.0,3.9772,0.0,12,1
32,18,40,4.1792,3.3502,4.066,0.1714,20,0
37,30,0,4.1885,3.8981,0.0,0.0364,12,0
9,0,0,2.9477,0.0,0.0,0.0,1,0
36,29,0,4.7601,4.4182,0.0,0.1951,18,1
29,15,0,4.1683,3.3232,0.0,0.0571,9,0
5,0,40,2.3219,0.0,4.2537,0.0541,8,0
30,21,0,4.1232,3.8209,0.0,0.0,8,1
32,18,0,4.0542,3.3502,0.0,0.0,9,0
32,25,0,4.1014,3.8635,0.0,0.0,8,0
10,0,34,2.9219,0.0,4.1163,0.0625,9,1
37,35,0,4.4588,4.3357,0.0,0.0,12,1
48,41,40,4.1386,3.93,4.0276,0.0182,19,0
44,34,0,4.0538,3.8666,0.0,0.0,12,0
43,33,0,4.2664,4.0667,0.0,0.0,26,1
31,24,0,3.8213,3.4387,0.0,0.0,24,1
20,6,0,4.0219,2.585,0.0,0.0952,5,0
5,0,0,2.3219,0.0,0.0,0.0,1,0
5,0,0,2.3219,0.0,0.0,0.0,1,0
6,0,34,2.585,0.0,4.1163,0.069,8,1
42,36,0,3.8312,3.4569,0.0,0.2333,18,1
34,24,0,3.8337,3.4387,0.0,0.0,24,1
27,16,0,3.8842,3.5,0.0,0.0588,9,0
1,0,48,-0.0,0.0,4.2563,0.0263,11,1
63,57,0,4.8125,4.679,0.0,0.0435,16,1
8,0,40,3.0,0.0,4.2439,0.05,8,0
13,0,40,3.5466,0.0,4.1939,0.0455,9,0
9,0,40,2.7255,0.0,4.2531,0.0488,8,0
13,6,40,3.5466,2.585,4.1062,0.1667,11,0
51,41,0,4.3004,4.1411,0.0,0.1644,19,1
13,0,0,3.5466,0.0,0.0,0.0,2,0
6,0,0,2.585,0.0,0.0,0.0,1,0
37,29,0,4.7566,4.4871,0.0,0.1905,18,1
32,22,0,3.9886,3.6978,0.0,0.129,19,1
20,12,0,3.7219,3.2516,0.0,0.0833,8,0
38,29,0,4.7017,4.3492,0.0,0.186,18,1
51,41,0,4.3004,4.1411,0.0,0.1644,19,1
29,22,0,4.0044,3.4817,0.0,0.0513,12,0
34,24,0,3.8337,3.4387,0.0,0.0,24,1
30,22,0,4.1899,3.8797,0.0,0.2,12,0
31,21,0,4.1439,3.4992,0.0,0.0,10,1
37,30,0,4.0468,3.7647,0.0,0.093,24,1
44,33,0,3.703,3.384,0.0,0.0,35,1
41,31,0,3.9913,3.8245,0.0,0.0,14,1
17,7,0,3.5725,2.8074,0.0,0.0,5,0
16,14,0,3.625,3.3788,0.0,0.0909,8,0
18,16,0,3.9477,3.75,0.0,0.0,4,0
32,21,0,4.1761,3.8209,0.0,0.0,9,1
49,38,0,4.5366,4.0682,0.0,0.3714,17,1
32,30,0,3.9292,3.7647,0.0,0.1053,24,1
13,11,0,3.2389,2.914,0.0,0.5,8,0
34,24,0,4.0431,3.6887,0.0,0.0,8,0
6,0,0,2.585,0.0,0.0,0.0,1,0
19,9,0,3.3661,2.9477,0.0,0.0,5,0
27,16,40,3.9862,3.3278,4.3128,0.0597,16,0
43,36,0,3.8991,3.4569,0.0,0.2295,18,1
42,33,0,3.6558,3.384,0.0,0.0,34,1
33,23,0,4.3549,4.1757,0.0,0.05,16,1
40,33,0,4.3464,4.0667,0.0,0.0,26,1
43,37,0,4.0804,3.8846,0.0,0.0,12,0
38,31,0,4.0724,3.8245,0.0,0.0,14,1
34,24,0,4.4297,3.9702,0.0,0.0,14,1
32,22,0,4.3278,3.8454,0.0,0.25,16,1
51,41,0,4.3492,4.1411,0.0,0.1622,18,1
32,21,0,4.1761,3.8209,0.0,0.0,9,1
17,7,40,3.8522,2.8074,3.974,0.0377,11,0
27,20,0,4.3104,3.9219,0.0,0.129,14,1
8,0,40,3.0,0.0,4.1251,0.05,8,0
8,0,0,3.0,0.0,0.0,0.0,1,0
47,33,0,4.4105,4.0667,0.0,0.0,27,1
38,30,0,4.3264,4.1614,0.0,0.0417,16,1
36,27,0,4.1626,3.9582,0.0,0.0444,18,1
34,23,0,4.1385,3.7951,0.0,0.1818,13,0
9,0,0,2.9477,0.0,0.0,0.0,1,0
40,32,40,4.0653,3.9445,4.3842,0.043,19,0
43,33,0,3.6774,3.384,0.0,0.0,34,1
32,30,0,4.3011,4.1614,0.0,0.0476,16,1
31,24,0,3.8213,3.4387,0.0,0.0,24,1
40,30,0,4.0653,3.7647,0.0,0.087,24,1
46,39,40,4.3217,4.2117,4.3531,0.0192,19,0
1,0,40,-0.0,0.0,4.2251,0.0606,8,0
43,33,0,3.6774,3.384,0.0,0.0,34,1
7,0,48,2.8074,0.0,4.2563,0.0227,11,1
32,23,40,4.3278,4.056,4.1537,0.0526,19,0
23,16,0,4.0231,3.75,0.0,0.0,4,0
9,0,0,2.4194,0.0,0.0,0.0,2,0
67,57,0,4.8194,4.679,0.0,0.0417,16,1
32,22,0,4.2417,3.8454,0.0,0.2581,17,1
48,41,0,4.395,4.1411,0.0,0.169,18,1
6,0,39,2.585,0.0,3.9772,0.0,11,1
27,20,0,3.9862,3.5842,0.0,0.0,8,0
9,0,0,2.9477,0.0,0.0,0.0,1,0
34,24,0,3.9147,3.6368,0.0,0.0,8,0
29,22,0,4.3232,3.8454,0.0,0.2759,16,1
39,29,0,4.7532,4.4182,0.0,0.1818,18,1
5,0,0,2.3219,0.0,0.0,0.0,1,0
7,0,40,2.8074,0.0,4.1342,0.0513,8,0
27,17,0,3.7179,3.6169,0.0,0.0556,8,0
33,23,0,3.8212,3.7081,0.0,0.0,12,1
32,21,40,4.0153,3.6538,4.1251,0.1096,20,0
19,10,0,3.5766,3.1219,0.0,0.0,4,0
32,22,0,3.8042,3.6412,0.0,0.0435,8,0
19,12,0,3.9321,3.2516,0.0,0.087,8,0
9,0,0,2.9477,0.0,0.0,0.0,1,0
9,0,0,2.7255,0.0,0.0,0.0,1,0
7,0,40,2.8074,0.0,4.1842,0.0513,8,0
43,29,0,4.5013,4.1852,0.0,0.1017,13,0
9,0,34,2.4194,0.0,4.1163,0.0645,9,1
47,33,0,4.4105,4.0667,0.0,0.0,27,1
6,0,0,2.585,0.0,0.0,0.0,1,0
22,8,40,3.914,2.75,3.966,0.0345,12,0
37,27,40,3.9183,3.6801,4.0439,0.0471,19,0
29,22,0,4.1163,3.6978,0.0,0.1379,18,1
29,23,0,4.3492,4.1757,0.0,0.0556,16,1
18,8,40,3.6835,2.75,4.2251,0.037,12,0
36,22,0,4.3156,3.6069,0.0,0.1143,19,1
40,30,0,4.2342,3.7647,0.0,0.087,24,1
16,6,0,3.75,2.585,0.0,0.1111,4,0
44,33,0,4.3088,4.0667,0.0,0.0,27,1
34,20,0,4.4548,3.9219,0.0,0.1081,15,1
35,25,0,4.1287,3.8333,0.0,0.0,9,0
39,33,0,4.3555,4.0667,0.0,0.0,26,1
33,27,0,4.2714,3.9582,0.0,0.0476,18,1
22,15,0,3.8797,3.3736,0.0,0.0,4,0
5,0,48,2.3219,0.0,4.2563,0.0238,11,1
13,6,0,3.7004,2.585,0.0,0.4,4,0
30,21,0,4.1484,3.5945,0.0,0.069,18,1
1,0,34,-0.0,0.0,4.1163,0.0833,8,1
41,33,0,4.3267,4.1879,0.0,0.0968,12,0
14,12,40,3.6645,3.4183,4.1562,0.1569,15,0
28,22,0,4.2534,3.8454,0.0,0.2857,16,1
30,21,0,4.1232,3.8209,0.0,0.0,8,1
9,0,40,2.7255,0.0,3.9037,0.0488,8,0
34,32,0,4.1163,3.9681,0.0,0.0,12,0
35,27,0,4.0931,3.9582,0.0,0.0455,18,1
30,20,40,3.6696,3.5464,4.1226,0.0253,11,0
19,9,0,3.8924,3.1699,0.0,0.0,5,0
32,24,0,4.2889,3.9702,0.0,0.0,14,1
39,31,0,4.0091,3.8245,0.0,0.0,14,1
36,27,0,4.1626,3.9582,0.0,0.0444,18,1
6,0,0,2.585,0.0,0.0,0.0,1,0
10,0,0,2.9219,0.0,0.0,0.0,2,0
17,10,40,3.7345,3.1219,4.1939,0.0357,11,0
6,0,0,2.585,0.0,0.0,0.0,1,0
13,4,0,3.5466,2.0,0.0,0.1538,4,0
36,27,40,4.1762,3.9121,4.1062,0.0714,19,0
26,19,0,4.1808,3.6819,0.0,0.1212,12,0
15,9,0,3.2729,2.7255,0.0,0.0,4,0
27,19,0,4.1343,4.0374,0.0,0.0,8,0
40,30,0,3.9537,3.6444,0.0,0.0,9,0
40,30,0,4.3414,3.7996,0.0,0.5185,16,1
25,15,40,4.1639,3.7736,4.1373,0.0312,16,0
35,24,0,3.8214,3.4387,0.0,0.0,25,1
16,14,0,3.7028,3.4677,0.0,0.0,4,0
26,17,0,3.921,3.3372,0.0,0.0,8,0
20,18,0,3.8219,3.6144,0.0,0.0,8,0
34,23,40,4.0653,3.654,4.0587,0.0253,16,0
47,33,0,4.4105,4.0667,0.0,0.0,27,1
31,20,0,4.5026,3.9219,0.0,0.1176,15,1
9,0,39,2.7255,0.0,3.9772,0.0,11,1
32,25,0,4.0931,3.6733,0.0,0.0,8,0
44,34,0,4.6524,4.3594,0.0,0.0784,19,1
32,30,0,3.9292,3.7647,0.0,0.1053,24,1
5,0,0,2.3219,0.0,0.0,0.0,1,0
35,27,0,4.0931,3.9582,0.0,0.0455,18,1
7,0,0,2.8074,0.0,0.0,0.0,1,0
9,0,0,2.7255,0.0,0.0,0.0,1,0
23,13,0,4.1757,3.3927,0.0,0.2857,8,0
25,18,40,3.5933,3.2391,4.2751,0.0294,15,0
10,0,48,2.9219,0.0,4.2563,0.0217,12,1
14,4,0,3.6645,2.0,0.0,0.1429,4,0
25,15,0,4.0235,3.4566,0.0,0.0,5,0
32,23,0,4.3903,4.1757,0.0,0.0513,16,1
16,6,0,3.4528,2.585,0.0,0.1111,4,0
10,0,34,2.9219,0.0,4.1163,0.0625,9,1
19,9,40,3.5766,2.9477,4.2439,0.0351,11,0
17,9,0,3.3372,2.7255,0.0,0.0,4,0
9,0,48,2.4194,0.0,4.2563,0.0222,12,1
33,27,0,4.2714,3.9582,0.0,0.0476,18,1
43,33,0,3.8521,3.384,0.0,0.0,34,1
21,14,40,3.7257,3.4677,4.3342,0.0312,11,0
10,4,0,3.3219,2.0,0.0,0.2,4,0
33,24,0,4.3171,3.9702,0.0,0.0,14,1
9,0,0,2.9477,0.0,0.0,0.0,1,0
7,0,47,2.8074,0.0,4.3901,0.3182,10,1
35,24,40,4.0716,3.6054,4.0848,0.0759,20,0
31,21,0,4.0794,3.8209,0.0,0.0,8,1
28,21,0,3.9372,3.4992,0.0,0.0,10,1
38,31,40,4.1158,3.9102,3.9398,0.0213,15,0
46,38,0,4.0285,3.8854,0.0,0.0278,12,0
18,16,40,3.8366,3.625,4.1726,0.0339,15,0
25,16,0,3.9239,3.3278,0.0,0.0606,8,0
25,23,0,4.2439,4.1757,0.0,0.0625,16,1
38,24,0,3.9381,3.4387,0.0,0.0,25,1
31,21,0,4.0392,3.8209,0.0,0.0,9,1
26,24,0,4.1329,3.9702,0.0,0.0,14,1
48,37,0,4.2487,3.9696,0.0,0.0556,13,0
31,23,0,4.3492,4.1757,0.0,0.0526,16,1
43,33,0,4.2664,4.0667,0.0,0.0,26,1
29,22,0,4.0733,3.8797,0.0,0.0488,8,0
33,23,0,4.1879,3.969,0.0,0.0417,8,0
6,0,34,2.585,0.0,4.1163,0.069,8,1
40,30,0,4.4464,4.1614,0.0,0.04,16,1
27,16,40,3.838,3.25,3.9552,0.0299,16,0
47,33,0,4.4105,4.0667,0.0,0.0,27,1
32,21,0,3.9886,3.4992,0.0,0.0,11,1
40,30,0,4.2342,3.7647,0.0,0.087,24,1
13,6,0,3.5466,2.585,0.0,0.1333,4,0
32,22,0,4.3278,3.8454,0.0,0.25,16,1
10,8,0,3.1219,2.75,0.0,0.0,4,0
37,27,0,4.2293,3.9582,0.0,0.0435,18,1
30,21,0,3.9484,3.4992,0.0,0.0,10,1
27,21,0,3.9862,3.8209,0.0,0.0,8,1
39,29,0,4.8045,4.4871,0.0,0.1818,18,1
28,14,0,4.1645,3.4677,0.0,0.0,5,0
44,30,0,4.5555,4.1614,0.0,0.0377,17,1
6,0,0,2.585,0.0,0.0,0.0,1,0
13,0,0,3.5466,0.0,0.0,0.0,2,0
46,36,0,3.8014,3.4569,0.0,0.2188,18,1
34,24,0,4.0209,3.7721,0.0,0.0,8,0
26,15,40,3.8731,3.5069,4.2251,0.0615,16,0
31,24,0,3.8213,3.4387,0.0,0.0,24,1
16,6,0,3.4528,2.585,0.0,0.1111,4,0
52,41,0,4.4411,4.1411,0.0,0.1622,19,1
38,24,0,3.9381,3.4387,0.0,0.0,25,1
44,34,0,4.0755,3.8925,0.0,0.0615,13,0
17,15,40,3.6169,3.3736,4.1251,0.0328,11,0
16,6,40,3.4528,2.585,4.1653,0.0784,11,0
36,30,0,4.0305,3.7647,0.0,0.0952,24,1
32,30,0,3.9292,3.7647,0.0,0.1053,24,1
21,15,40,3.7849,3.3232,4.2128,0.0656,15,0
47,33,0,4.4105,4.0667,0.0,0.0,27,1
37,30,0,4.4224,4.1614,0.0,0.0426,16,1
7,0,0,2.8074,0.0,0.0,0.0,1,0
31,24,0,3.8213,3.4387,0.0,0.0,24,1
28,22,40,3.8693,3.5383,4.2342,0.0563,19,0
40,30,0,4.1276,3.7647,0.0,0.0889,25,1
35,24,0,4.376,3.9702,0.0,0.0,15,1
40,31,0,4.0964,3.8245,0.0,0.0,14,1
33,23,0,4.0179,3.7081,0.0,0.0,13,1
38,24,0,3.9381,3.4387,0.0,0.0,25,1
31,22,0,4.2202,3.6978,0.0,0.129,18,1
33,23,0,4.2714,4.1757,0.0,0.05,16,1
31,20,0,4.4381,3.8219,0.0,0.1176,15,1
41,34,0,4.2899,4.1607,0.0,0.127,12,0
9,0,39,2.7255,0.0,3.9772,0.0,11,1
13,0,0,3.5466,0.0,0.0,0.0,2,0
48,39,40,4.2563,4.0704,4.1153,0.0185,19,0
39,30,0,4.1117,3.7647,0.0,0.0889,24,1
22,15,0,4.0049,3.5069,0.0,0.069,8,0
43,36,0,3.835,3.4569,0.0,0.2295,18,1
44,37,0,4.2433,4.0804,0.0,0.0,12,0
17,6,0,3.8522,2.585,0.0,0.3333,5,0
7,0,0,2.8074,0.0,0.0,0.0,1,0
30,20,0,4.2817,3.9219,0.0,0.1176,14,1
29,22,0,4.2542,3.7544,0.0,0.2759,16,1
16,8,0,3.5,2.75,0.0,0.0,4,0
1,0,39,-0.0,0.0,3.9772,0.0,11,1
31,24,0,4.2084,3.9702,0.0,0.0,14,1
48,38,0,4.4844,4.0682,0.0,0.3714,16,1
24,14,40,3.6573,3.3788,4.1939,0.0635,15,0
43,41,0,4.2664,4.1411,0.0,0.1818,18,1
7,0,39,2.8074,0.0,3.9772,0.0,11,1
25,18,0,4.1337,3.7947,0.0,0.0,8,0
8,0,47,3.0,0.0,4.3901,0.3111,10,1
31,21,0,4.2603,3.749,0.0,0.2,16,1
41,31,40,3.6628,3.4703,4.1964,0.0206,15,0
6,0,0,2.585,0.0,0.0,0.0,1,0
27,20,40,3.8562,3.3464,4.2842,0.0278,15,0
44,34,0,4.5049,4.3594,0.0,0.0769,18,1
20,11,0,3.7842,2.7322,0.0,0.3478,8,0
35,33,0,4.1503,4.0667,0.0,0.0,26,1
43,34,0,4.6759,4.3594,0.0,0.0784,18,1
41,30,0,4.1804,3.7647,0.0,0.087,25,1
25,16,0,3.9435,3.625,0.0,0.1212,8,0
9,0,34,3.1699,0.0,4.1163,0.0625,8,1
9,0,34,2.9477,0.0,4.1163,0.0625,8,1
40,33,0,4.3464,4.0667,0.0,0.0,26,1
16,8,0,3.3278,2.75,0.0,0.0,4,0
16,8,0,3.3278,2.75,0.0,0.0,4,0
43,33,0,3.6774,3.384,0.0,0.0,34,1
17,15,40,3.7345,3.5069,4.2464,0.1053,15,0
40,34,0,4.5842,4.3006,0.0,0.0833,18,1
16,6,0,3.25,2.585,0.0,0.1176,5,0
29,22,0,4.1163,3.6978,0.0,0.1379,18,1
45,31,0,4.1772,3.8245,0.0,0.0,15,1
6,0,40,2.585,0.0,4.066,0.0526,8,0
33,24,40,4.0061,3.4906,4.3031,0.0256,19,0
44,33,0,3.703,3.384,0.0,0.0,35,1
30,23,0,4.2566,3.8492,0.0,0.1951,12,0
52,41,0,4.4411,4.1411,0.0,0.1622,19,1
44,34,0,4.6524,4.3594,0.0,0.0784,19,1
31,22,0,4.236,3.7201,0.0,0.2581,16,1
17,11,40,3.8522,3.2776,4.0848,0.1132,15,0
50,44,0,4.0831,3.9108,0.0,0.0,12,0
33,31,0,4.165,4.0181,0.0,0.08,12,0
36,30,0,4.3401,4.1614,0.0,0.0435,16,1
33,23,0,4.0179,3.7081,0.0,0.0,12,1
16,6,0,3.4528,2.585,0.0,0.1111,4,0
38,24,0,3.9381,3.4387,0.0,0.0,25,1
24,15,0,3.9387,3.5069,0.0,0.0645,8,0
32,18,40,4.2417,3.4613,4.1373,0.1714,20,0
37,31,0,4.1008,3.8245,0.0,0.0,14,1
31,21,0,3.8457,3.4992,0.0,0.0,11,1
7,0,0,2.8074,0.0,0.0,0.0,1,0
40,33,0,3.6108,3.384,0.0,0.0,34,1
40,38,0,4.2012,4.0682,0.0,0.4194,16,1
35,28,40,3.8757,3.3563,4.2342,0.0238,19,0
28,22,40,3.9677,3.6412,4.0653,0.0533,15,0
38,31,0,4.0724,3.8245,0.0,0.0,14,1
12,5,40,3.4183,2.3219,4.2062,0.0435,11,0
32,22,0,4.2264,3.6978,0.0,0.125,18,1
19,9,0,3.6421,3.1699,0.0,0.0,4,0
9,0,39,2.7255,0.0,3.9772,0.0,11,1
32,22,0,3.9414,3.7544,0.0,0.0976,13,0
29,27,0,3.8799,3.7043,0.0,0.5789,18,1
43,29,0,4.8971,4.4871,0.0,0.1702,19,1
18,4,0,3.8366,2.0,0.0,0.1176,5,0
16,6,40,3.4528,2.585,4.1939,0.0784,11,0
1,0,0,-0.0,0.0,0.0,0.0,1,0
34,24,0,4.1692,3.9702,0.0,0.0,14,1
13,6,0,3.5466,2.585,0.0,0.1333,4,0
28,18,0,4.2804,3.5724,0.0,0.2941,12,0
47,33,0,3.8942,3.384,0.0,0.0,35,1
7,0,0,2.8074,0.0,0.0,0.0,1,0
23,13,0,3.7623,3.3927,0.0,0.0714,8,0
33,23,0,4.1044,3.7951,0.0,0.0455,12,0
39,30,0,4.1117,3.7647,0.0,0.0889,24,1
10,0,0,2.9219,0.0,0.0,0.0,2,0
28,21,0,4.2534,4.0114,0.0,0.0488,8,0
40,30,0,4.2342,3.7647,0.0,0.087,24,1
44,33,40,4.2999,4.0896,4.0939,0.0825,20,0
27,21,0,3.9862,3.8209,0.0,0.0,8,1
42,33,40,4.2165,4.0061,4.1464,0.0426,19,0
27,16,0,4.0882,3.75,0.0,0.0,5,0
43,35,0,4.4434,4.3357,0.0,0.0,12,1
40,30,0,4.4464,4.1614,0.0,0.04,16,1
32,23,0,4.3903,4.1757,0.0,0.0513,16,1
45,36,0,3.857,3.4569,0.0,0.2222,18,1
39,29,0,4.6632,4.4871,0.0,0.1818,18,1
6,0,47,2.585,0.0,4.3901,0.3256,10,1
9,0,34,3.1699,0.0,4.1163,0.0625,8,1
44,30,0,4.5555,4.1614,0.0,0.0377,17,1
6,0,40,2.585,0.0,4.2251,0.0526,8,0
35,33,0,4.1503,4.0667,0.0,0.0,26,1
23,15,40,4.0888,3.6402,4.2342,0.0635,15,0
64,57,0,4.8785,4.679,0.0,0.043,16,1
22,15,40,3.8797,3.3736,4.0873,0.0303,11,0
5,0,0,2.3219,0.0,0.0,0.0,1,0
34,24,0,4.0719,3.8035,0.0,0.0435,12,0
39,32,0,4.0966,3.8903,0.0,0.0,12,0
32,25,0,3.965,3.7337,0.0,0.0,8,0
43,33,0,4.3129,4.0667,0.0,0.0,26,1
42,40,40,3.9988,3.8587,4.1251,0.0194,19,0
40,33,0,3.5797,3.384,0.0,0.0,34,1
28,21,0,4.107,3.8209,0.0,0.0,8,1
42,35,0,4.4516,4.3357,0.0,0.0,12,1
45,36,0,3.857,3.4569,0.0,0.2222,18,1
43,33,0,3.638,3.384,0.0,0.0,35,1
45,38,0,4.4068,4.0682,0.0,0.3881,16,1
32,21,0,3.9886,3.4992,0.0,0.0,11,1
25,23,0,4.2439,4.1757,0.0,0.0625,16,1
26,19,40,4.056,3.7216,4.0276,0.0286,15,0
25,23,0,3.8137,3.7081,0.0,0.0,12,1
32,22,0,4.1556,3.8454,0.0,0.25,16,1
33,31,0,3.8997,3.8245,0.0,0.0,14,1
6,0,47,2.585,0.0,4.3901,0.3256,10,1
42,33,0,3.6558,3.384,0.0,0.0,34,1
43,33,0,3.638,3.384,0.0,0.0,35,1
47,33,0,4.4105,4.0667,0.0,0.0,27,1
34,20,0,4.4548,3.9219,0.0,0.1081,15,1
24,14,40,4.1368,3.6645,4.0464,0.127,15,0
38,31,0,4.0724,3.8245,0.0,0.0,14,1
30,24,0,3.7777,3.4387,0.0,0.0,24,1
31,21,0,4.0392,3.8209,0.0,0.0,8,1
41,33,0,3.7066,3.384,0.0,0.0,34,1
41,30,0,4.2291,3.9647,0.0,0.069,13,0
38,28,40,4.2512,4.0661,4.2251,0.046,19,0
44,34,0,4.6695,4.3006,0.0,0.0769,18,1
42,35,0,4.4929,4.3357,0.0,0.0,12,1
10,0,0,2.9219,0.0,0.0,0.0,2,0
40,30,0,4.2118,4.1614,0.0,0.04,16,1
35,33,0,3.4454,3.384,0.0,0.0,34,1
11,5,0,3.4594,2.3219,0.0,0.3333,4,0
6,0,0,2.585,0.0,0.0,0.0,1,0
5,0,40,2.3219,0.0,4.1751,0.0541,8,0
35,24,0,4.376,3.9702,0.0,0.0,15,1
33,23,0,4.4155,4.1757,0.0,0.05,16,1
32,23,0,3.9681,3.7081,0.0,0.0,12,1
37,30,0,4.0468,3.7647,0.0,0.093,24,1
43,36,0,3.8991,3.4569,0.0,0.2295,18,1
35,21,0,4.2973,3.4992,0.0,0.0,11,1
32,24,0,3.7303,3.4387,0.0,0.0,24,1
41,35,0,4.473,4.3357,0.0,0.0,12,1
51,41,0,4.398,4.1411,0.0,0.1622,18,1
30,21,0,3.9484,3.4992,0.0,0.0,10,1
37,27,0,4.0237,3.9582,0.0,0.0435,18,1
36,30,0,4.0305,3.7647,0.0,0.0952,24,1
43,33,0,3.6774,3.384,0.0,0.0,34,1
29,21,0,4.1852,3.749,0.0,0.2143,16,1
38,27,0,4.2211,3.9582,0.0,0.0435,19,1
29,22,0,4.2113,3.8797,0.0,0.0488,8,0
24,18,0,3.8554,3.5724,0.0,0.0,8,0
34,24,0,4.1944,3.9702,0.0,0.0,14,1
40,29,0,4.9031,4.4871,0.0,0.1818,19,1
8,0,40,3.0,0.0,4.1562,0.05,8,0
5,0,0,2.3219,0.0,0.0,0.0,1,0
15,5,40,3.5069,2.3219,4.1128,0.1224,11,0
31,24,0,3.8213,3.4387,0.0,0.0,24,1
46,36,0,3.7588,3.4569,0.0,0.2222,19,1
40,30,0,4.0464,3.7647,0.0,0.087,24,1
47,33,0,4.4105,4.0667,0.0,0.0,27,1
18,8,0,3.3921,2.75,0.0,0.0,5,0
41,33,0,3.7066,3.384,0.0,0.0,34,1
6,0,0,2.585,0.0,0.0,0.0,1,0
41,31,0,3.9913,3.8245,0.0,0.0,14,1
40,30,0,4.4128,4.1614,0.0,0.0408,17,1
1,0,0,-0.0,0.0,0.0,0.0,1,0
32,30,0,3.9292,3.7647,0.0,0.1053,24,1
33,27,0,4.2714,3.9582,0.0,0.0476,18,1
18,16,0,3.9477,3.75,0.0,0.0,4,0
30,23,0,4.3232,4.1757,0.0,0.0541,16,1
23,9,40,4.0888,3.1699,4.2128,0.0333,12,0
40,33,0,3.6108,3.384,0.0,0.0,34,1
25,16,0,3.9737,3.375,0.0,0.0,8,0
45,35,0,4.369,4.3357,0.0,0.0,13,1
25,15,0,3.8137,3.5069,0.0,0.125,8,0
25,18,40,4.0537,3.7947,4.1429,0.0294,15,0
28,21,0,4.1375,3.8209,0.0,0.0,8,1
1,0,39,-0.0,0.0,3.9772,0.0,11,1
40,33,0,3.5797,3.384,0.0,0.0,34,1
17,11,40,3.7345,2.914,4.0873,0.1887,15,0
31,23,0,4.0424,3.7081,0.0,0.0,12,1
28,22,0,4.155,3.7201,0.0,0.2857,16,1
16,6,40,3.875,2.585,4.1939,0.0784,11,0
31,24,0,4.0911,3.6887,0.0,0.2791,12,0
35,25,40,4.3789,4.1337,3.9373,0.0988,19,0
35,26,0,3.797,3.4885,0.0,0.0408,12,0
9,0,0,3.1699,0.0,0.0,0.0,1,0
18,10,0,3.5724,3.1219,0.0,0.0,4,0
6,0,48,2.585,0.0,4.2563,0.0233,11,1
36,34,0,4.4823,4.3594,0.0,0.0909,18,1
38,24,0,4.5214,3.9702,0.0,0.0,15,1
34,24,0,4.1692,3.9702,0.0,0.0,14,1
13,6,40,3.5466,2.585,4.1848,0.0833,11,0
43,33,0,4.3129,4.0667,0.0,0.0,26,1
53,47,0,3.9448,3.7098,0.0,0.0,12,0
30,23,0,4.0817,3.7081,0.0,0.0,12,1
20,10,40,3.8219,3.1219,4.2153,0.0339,11,0
43,29,0,4.8506,4.4182,0.0,0.1702,19,1
29,22,0,3.8404,3.3342,0.0,0.0513,12,0
6,0,0,2.585,0.0,0.0,0.0,1,0
20,11,0,3.8842,2.914,0.0,0.3478,8,0
31,21,0,3.6192,3.2495,0.0,0.0,8,0
44,33,0,3.703,3.384,0.0,0.0,35,1
9,0,34,3.1699,0.0,4.1163,0.0625,8,1
28,18,40,3.682,3.3502,3.9776,0.0282,15,0
45,39,0,3.8856,3.6089,0.0,0.0,12,0
33,23,0,4.3549,4.1757,0.0,0.05,16,1
35,33,0,3.4454,3.384,0.0,0.0,34,1
22,15,0,3.8797,3.3736,0.0,0.0,4,0
25,15,40,3.7337,3.3736,4.2062,0.0294,12,0
28,21,0,4.0661,3.5585,0.0,0.1081,12,0
39,25,0,4.2723,3.8635,0.0,0.0,9,0
28,21,0,4.2534,3.749,0.0,0.2222,16,1
35,27,0,3.8646,3.7542,0.0,0.0,12,0
37,30,0,4.1753,3.7647,0.0,0.093,24,1
45,35,0,3.9819,3.829,0.0,0.0,12,0
37,30,0,4.0468,3.7647,0.0,0.093,24,1
37,27,0,4.2807,3.7043,0.0,0.4783,18,1
49,43,40,4.0609,3.8302,4.1848,0.0354,19,0
19,8,0,3.6819,3.0,0.0,0.0,5,0
33,27,0,4.1502,3.9582,0.0,0.0,8,0
44,30,0,4.5555,4.1614,0.0,0.0377,17,1
24,16,40,3.8868,3.75,4.1037,0.029,11,0
31,23,40,3.9134,3.6753,4.0635,0.08,19,0
36,27,0,4.1626,3.9582,0.0,0.0444,18,1
40,30,0,4.2342,3.7647,0.0,0.087,24,1
42,34,0,4.5945,4.3594,0.0,0.08,18,1
44,30,0,4.311,3.7647,0.0,0.0816,25,1
38,30,40,3.8629,3.6444,4.2062,0.0215,15,0
41,34,0,4.6866,4.3594,0.0,0.0816,18,1
30,23,0,4.2566,4.1757,0.0,0.0541,16,1
15,6,40,3.6402,2.585,4.0251,0.08,11,0
9,0,48,2.7255,0.0,4.2563,0.0217,11,1
42,32,40,4.044,3.8431,4.1439,0.0202,15,0
39,30,0,4.1117,3.7647,0.0,0.0889,24,1
24,15,0,3.8554,3.3736,0.0,0.0,4,0
35,27,0,4.3189,3.7043,0.0,0.5,18,1
31,21,0,4.1439,3.4992,0.0,0.0,10,1
29,15,40,4.1683,3.5069,4.2342,0.0588,16,0
5,0,0,2.3219,0.0,0.0,0.0,1,0
39,30,0,4.1823,3.9647,0.0,0.0702,12,0
8,0,0,3.0,0.0,0.0,0.0,1,0
13,0,0,3.5466,0.0,0.0,0.0,2,0
10,0,0,2.9219,0.0,0.0,0.0,2,0
41,34,0,4.6866,4.3594,0.0,0.0816,18,1
9,0,0,2.4194,0.0,0.0,0.0,2,0
16,6,40,3.25,2.585,4.2842,0.08,12,0
32,22,0,3.9886,3.6978,0.0,0.129,19,1
28,21,40,4.1375,3.7849,4.2037,0.0541,15,0
37,30,0,4.3143,4.1614,0.0,0.0426,16,1
16,7,40,3.625,2.8074,4.1153,0.0385,11,0
41,30,0,4.1804,3.7647,0.0,0.087,25,1
33,31,0,3.8997,3.8245,0.0,0.0,14,1
32,23,0,4.3903,4.1757,0.0,0.0513,16,1
45,38,0,4.4068,4.0682,0.0,0.3881,16,1
40,30,0,4.0464,3.7647,0.0,0.087,24,1
5,0,0,2.3219,0.0,0.0,0.0,1,0
31,22,0,4.3248,3.8454,0.0,0.2581,16,1
7,5,0,2.8074,2.3219,0.0,0.5,4,0
33,31,0,3.8997,3.8245,0.0,0.0,14,1
7,0,0,2.8074,0.0,0.0,0.0,1,0
44,35,0,4.1247,3.8646,0.0,0.0,12,0
29,27,0,4.1163,3.9582,0.0,0.0,8,0
29,22,0,4.0902,3.6635,0.0,0.0513,12,0
34,24,0,3.8559,3.4387,0.0,0.0,24,1
37,29,0,3.5273,3.224,0.0,0.0,12,0
38,28,0,4.0304,3.8963,0.0,0.0,12,0
22,16,40,3.9706,3.75,3.8087,0.0635,15,0
28,21,0,3.9372,3.4992,0.0,0.0,10,1
7,0,47,2.8074,0.0,4.3901,0.3182,10,1
33,31,0,3.8997,3.8245,0.0,0.0,14,1
40,33,0,3.6108,3.384,0.0,0.0,34,1
7,0,0,2.8074,0.0,0.0,0.0,1,0
32,21,0,4.1761,3.8209,0.0,0.0,9,1
44,33,0,3.703,3.384,0.0,0.0,35,1
41,33,0,4.1899,4.0667,0.0,0.0,26,1
43,33,0,3.6774,3.384,0.0,0.0,34,1
13,0,48,3.5466,0.0,4.2563,0.0204,12,1
50,41,0,4.3717,4.1411,0.0,0.1644,18,1
43,33,0,3.638,3.384,0.0,0.0,35,1
37,30,0,3.7197,3.3526,0.0,0.0,12,0
17,11,0,3.8522,3.2776,0.0,0.2,8,0
23,15,0,3.882,3.5069,0.0,0.0667,8,0
33,25,0,3.7636,3.5133,0.0,0.0,8,0
34,27,0,4.2561,3.9582,0.0,0.0465,18,1
37,30,0,4.0468,3.7647,0.0,0.093,24,1
43,33,0,3.8521,3.384,0.0,0.0,34,1
49,35,0,4.4665,4.3357,0.0,0.0,13,1
36,22,0,4.1762,3.6412,0.0,0.0408,9,0
30,20,0,4.3484,3.9219,0.0,0.1176,14,1
8,0,40,3.0,0.0,4.2342,0.05,8,0
31,17,0,4.18,3.5725,0.0,0.0513,9,0
44,36,0,3.8157,3.4569,0.0,0.2258,18,1
33,27,0,4.1044,3.8282,0.0,0.0417,12,0
16,9,40,3.75,2.9477,3.9939,0.037,11,0
9,0,40,2.7255,0.0,4.2153,0.0488,8,0
26,24,40,4.1329,3.9702,4.3342,0.0845,19,0
16,10,0,3.7028,3.1219,0.0,0.0,4,0
9,0,0,2.9477,0.0,0.0,0.0,1,0
35,33,0,3.4454,3.384,0.0,0.0,34,1
9,0,0,2.4194,0.0,0.0,0.0,2,0
10,0,0,2.9219,0.0,0.0,0.0,2,0
28,21,0,3.9947,3.7849,0.0,0.0,8,0
49,43,40,4.1559,3.9782,4.1939,0.0177,19,0
40,30,0,4.0653,3.7647,0.0,0.087,24,1
32,22,0,4.1556,3.8454,0.0,0.25,16,1
8,0,48,3.0,0.0,4.2563,0.0222,11,1
38,27,0,4.2211,3.9582,0.0,0.0435,19,1
52,45,40,3.9196,3.6795,4.3031,0.0169,19,0
37,30,0,4.1753,3.7647,0.0,0.093,24,1
34,24,0,4.1692,3.9702,0.0,0.0,14,1
8,0,39,3.0,0.0,3.9772,0.0,11,1
33,23,0,3.9455,3.6753,0.0,0.0455,12,0
32,23,0,3.9681,3.7081,0.0,0.0,12,1
21,14,0,4.0707,3.5216,0.0,0.0741,8,0
9,0,0,3.1699,0.0,0.0,0.0,1,0
43,29,0,4.5165,4.2113,0.0,0.0678,13,0
6,0,48,2.585,0.0,4.2563,0.0233,11,1
31,20,0,3.9134,3.5464,0.0,0.0,5,0
37,30,0,4.006,3.6444,0.0,0.0,8,0
46,36,0,3.7588,3.4569,0.0,0.2222,19,1
40,30,0,4.3414,3.7996,0.0,0.5185,16,1
32,23,40,4.1014,3.7951,4.174,0.025,15,0
41,33,0,3.7066,3.384,0.0,0.0,34,1
19,8,0,3.5369,2.75,0.0,0.0,5,0
47,33,0,3.8942,3.384,0.0,0.0,35,1
17,7,0,3.8522,2.8074,0.0,0.0,4,0
9,0,0,2.4194,0.0,0.0,0.0,2,0
39,30,0,4.253,4.0314,0.0,0.0351,12,0
43,34,0,4.3243,4.1607,0.0,0.1231,12,0
8,0,48,3.0,0.0,4.2563,0.0222,11,1
9,0,40,2.7255,0.0,4.2342,0.0488,8,0
40,33,0,3.6108,3.384,0.0,0.0,34,1
27,17,40,3.7784,3.6169,4.1562,0.0294,16,0
8,0,40,3.0,0.0,4.0939,0.05,8,0
32,30,0,3.9292,3.7647,0.0,0.1053,24,1
29,19,0,4.1592,3.6819,0.0,0.2222,12,0
62,52,0,3.8769,3.6947,0.0,0.0,12,0
26,20,0,4.2389,3.9219,0.0,0.1333,14,1
31,21,0,3.9905,3.4992,0.0,0.0,10,1
47,40,40,4.2507,4.0873,4.0873,0.0189,19,0
21,12,0,4.0114,3.4183,0.0,0.24,8,0
35,33,0,4.1503,4.0667,0.0,0.0,26,1
27,21,0,3.9862,3.8209,0.0,0.0,8,1
36,30,0,4.1626,3.9647,0.0,0.0741,12,0
32,22,0,3.9886,3.6978,0.0,0.129,19,1
9,0,0,3.1699,0.0,0.0,0.0,1,0
10,0,34,2.9219,0.0,4.1163,0.0625,9,1
38,24,0,3.9381,3.4387,0.0,0.0,25,1
30,24,0,4.1647,3.9702,0.0,0.1429,12,0
9,0,34,2.4194,0.0,4.1163,0.0645,9,1
35,27,0,4.0116,3.838,0.0,0.037,8,0
31,21,0,3.8457,3.4992,0.0,0.0,11,1
14,7,0,3.5216,2.8074,0.0,0.0,4,0
40,26,40,4.2653,3.8731,4.1348,0.0233,20,0
41,30,0,4.3522,3.7996,0.0,0.5185,17,1
34,27,0,4.1356,3.7043,0.0,0.5116,18,1
31,21,0,4.0392,3.8209,0.0,0.0,9,1
34,24,0,3.8559,3.4387,0.0,0.0,24,1
33,23,0,4.0179,3.7081,0.0,0.0,13,1
32,22,0,3.9917,3.6069,0.0,0.125,18,1
28,22,40,4.0122,3.6635,3.9964,0.0563,19,0
33,23,0,4.162,3.7081,0.0,0.0,12,1
25,23,0,4.2439,4.1757,0.0,0.0625,16,1
